Country,Year,Happiness Rank,Happiness Score,Economy (GDP per Capita),Health (Life Expectancy),Trust (Government Corruption),Generosity
Afghanistan,2016,154.0,3.36,0.38227,0.17344,0.07112,0.31268
Afghanistan,2015,153.0,3.575,0.31982,0.30335,0.09719,0.3651
Afghanistan,2018,145.0,3.632,0.332,0.255,0.036,0.191
Afghanistan,2019,154.0,3.203,0.35,0.361,0.025,0.158
Afghanistan,2017,141.0,3.79399991035461,0.401477217674255,0.180746778845787,0.0611578300595284,0.311870932579041
Albania,2017,109.0,4.64400005340576,0.996192753314972,0.731159746646881,0.0398642159998417,0.201312944293022
Albania,2016,109.0,4.655,0.9553,0.73007,0.05301,0.1684
Albania,2018,112.0,4.586,0.916,0.79,0.032,0.149
Albania,2019,107.0,4.719,0.947,0.874,0.027,0.178
Albania,2015,95.0,4.959,0.87867,0.81325,0.06413,0.14272
Algeria,2016,38.0,6.355,1.05266,0.61804,0.16157,0.07044
Algeria,2015,68.0,5.605,0.93929,0.61766,0.17383,0.07822
Algeria,2019,88.0,5.211,1.002,0.785,0.114,0.073
Algeria,2017,53.0,5.87200021743774,1.09186446666718,0.617584645748138,0.146096110343933,0.0694366469979286
Algeria,2018,84.0,5.295,0.979,0.687,0.135,0.055
Angola,2015,137.0,4.033,0.75778,0.16683,0.07122,0.12344
Angola,2017,140.0,3.79500007629395,0.858428180217743,0.0498686656355858,0.0697203353047371,0.097926490008831
Angola,2016,141.0,3.866,0.84731,0.04991,0.08434,0.12071
Angola,2018,142.0,3.795,0.73,0.269,0.061,0.079
Argentina,2018,29.0,6.388,1.073,0.744,0.054,0.062
Argentina,2017,24.0,6.59899997711182,1.18529546260834,0.695137083530426,0.059739887714386,0.109457060694695
Argentina,2016,26.0,6.65,1.15137,0.69711,0.07296,0.10989
Argentina,2019,47.0,6.086,1.092,0.881,0.05,0.066
Argentina,2015,30.0,6.574,1.05351,0.78723,0.08484,0.11451
Armenia,2018,129.0,4.321,0.816,0.666,0.028,0.077
Armenia,2019,116.0,4.559,0.85,0.815,0.064,0.095
Armenia,2016,121.0,4.36,0.86086,0.64083,0.03616,0.07793
Armenia,2015,127.0,4.35,0.76821,0.7299,0.039,0.07855
Armenia,2017,121.0,4.37599992752075,0.900596737861633,0.637524425983429,0.0266744215041399,0.0834880918264389
Australia,2018,10.0,7.272,1.34,0.91,0.302,0.361
Australia,2016,9.0,7.313,1.44443,0.8512,0.32331,0.47407
Australia,2015,10.0,7.284,1.33358,0.93156,0.35637,0.43562
Australia,2019,11.0,7.228,1.372,1.036,0.29,0.332
Australia,2017,10.0,7.28399991989136,1.484414935112,0.84388679265976,0.301183730363846,0.477699249982834
Austria,2016,12.0,7.119,1.45038,0.80565,0.21348,0.32865
Austria,2019,10.0,7.246,1.376,1.016,0.226,0.244
Austria,2015,13.0,7.2,1.33723,0.89042,0.18676,0.33088
Austria,2018,12.0,7.139,1.341,0.891,0.224,0.242
Austria,2017,13.0,7.00600004196167,1.48709726333618,0.815328419208527,0.221060365438461,0.316472321748734
Azerbaijan,2017,85.0,5.23400020599365,1.15360176563263,0.540775775909424,0.180987507104874,0.0452693402767181
Azerbaijan,2018,87.0,5.201,1.024,0.603,0.176,0.031
Azerbaijan,2019,90.0,5.208,1.043,0.769,0.182,0.035
Azerbaijan,2015,80.0,5.212,1.02389,0.64045,0.16065,0.07799
Azerbaijan,2016,81.0,5.291,1.12373,0.54504,0.17914,0.0564
Bahrain,2015,49.0,5.96,1.32376,0.74716,0.306,0.17362
Bahrain,2016,42.0,6.218,1.44024,0.65696,0.25772,0.17147
Bahrain,2017,41.0,6.08699989318848,1.48841226100922,0.653133034706116,0.257042169570923,0.172668486833572
Bahrain,2018,43.0,6.105,1.338,0.698,0.123,0.243
Bahrain,2019,37.0,6.199,1.362,0.871,0.11,0.255
Bangladesh,2019,125.0,4.456,0.562,0.723,0.143,0.166
Bangladesh,2017,110.0,4.60799980163574,0.586682975292206,0.533241033554077,0.123717859387398,0.172255352139473
Bangladesh,2015,109.0,4.694,0.39753,0.60164,0.12569,0.21222
Bangladesh,2018,115.0,4.5,0.532,0.579,0.144,0.153
Bangladesh,2016,110.0,4.643,0.54177,0.52989,0.12583,0.19132
Belarus,2018,73.0,5.483,1.039,0.7,0.154,0.101
Belarus,2016,61.0,5.802,1.13062,0.63104,0.17457,0.13942
Belarus,2019,81.0,5.323,1.067,0.789,0.142,0.094
Belarus,2015,59.0,5.813,1.03192,0.73608,0.1909,0.11046
Belarus,2017,67.0,5.56899976730347,1.15655755996704,0.637714266777039,0.156313821673393,0.15513750910759
Belgium,2018,16.0,6.927,1.324,0.894,0.24,0.188
Belgium,2015,19.0,6.937,1.30782,0.89667,0.2254,0.2225
Belgium,2019,18.0,6.923,1.356,0.986,0.21,0.16
Belgium,2017,17.0,6.89099979400635,1.46378076076508,0.818091869354248,0.251343131065369,0.231503337621689
Belgium,2016,18.0,6.929,1.42539,0.81959,0.26248,0.2424
Belize,2016,52.0,5.956,0.87616,0.45569,0.10771,0.23684
Belize,2017,50.0,5.95599985122681,0.907975316047668,0.450191766023636,0.0965810716152191,0.240015640854836
Belize,2018,49.0,5.956,0.807,0.474,0.089,0.183
Benin,2017,143.0,3.65700006484985,0.431085407733917,0.209930211305618,0.0609290152788162,0.207948461174965
Benin,2015,155.0,3.34,0.28665,0.3191,0.0801,0.1826
Benin,2018,136.0,4.141,0.378,0.24,0.067,0.163
Benin,2019,102.0,4.883,0.393,0.397,0.082,0.175
Benin,2016,153.0,3.484,0.39499,0.21028,0.06681,0.2018
Bhutan,2018,97.0,5.082,0.796,0.527,0.171,0.364
Bhutan,2015,79.0,5.253,0.77042,0.57407,0.15445,0.47998
Bhutan,2019,95.0,5.082,0.813,0.604,0.167,0.37
Bhutan,2016,84.0,5.196,0.8527,0.49759,0.1616,0.48546
Bhutan,2017,97.0,5.01100015640259,0.885416388511658,0.495879292488098,0.173380389809608,0.474054545164108
Bolivia,2017,58.0,5.82299995422363,0.833756566047668,0.473630249500275,0.0604777261614799,0.22556072473526
Bolivia,2016,59.0,5.822,0.79422,0.4697,0.07746,0.21698
Bolivia,2015,51.0,5.89,0.68133,0.5392,0.088,0.20536
Bolivia,2019,61.0,5.779,0.776,0.706,0.064,0.137
Bolivia,2018,62.0,5.752,0.751,0.508,0.054,0.141
Bosnia and Herzegovina,2016,87.0,5.163,0.93383,0.70766,0.0,0.29889
Bosnia and Herzegovina,2015,96.0,4.949,0.83223,0.79081,0.00227,0.24808
Bosnia and Herzegovina,2019,78.0,5.386,0.945,0.845,0.006,0.263
Bosnia and Herzegovina,2017,90.0,5.18200016021729,0.982409417629242,0.705186307430267,0.0,0.328867495059967
Bosnia and Herzegovina,2018,93.0,5.129,0.915,0.758,0.0,0.216
Botswana,2016,137.0,3.974,1.09426,0.34752,0.10769,0.12425
Botswana,2015,128.0,4.332,0.99355,0.04776,0.12474,0.10461
Botswana,2018,146.0,3.59,1.017,0.417,0.092,0.042
Botswana,2019,148.0,3.488,1.041,0.538,0.1,0.025
Botswana,2017,142.0,3.76600003242493,1.12209415435791,0.341755509376526,0.0985831990838051,0.0993484482169151
Brazil,2018,28.0,6.419,0.986,0.675,0.088,0.11
Brazil,2016,17.0,6.952,1.08754,0.61415,0.14166,0.15776
Brazil,2017,22.0,6.63500022888184,1.10735321044922,0.616552352905273,0.111092761158943,0.16234989464283
Brazil,2019,32.0,6.3,1.004,0.802,0.086,0.099
Brazil,2015,16.0,6.983,0.98124,0.69702,0.17521,0.14574
Bulgaria,2015,134.0,4.218,1.01216,0.76649,0.00872,0.11921
Bulgaria,2018,100.0,4.933,1.054,0.712,0.009,0.064
Bulgaria,2017,105.0,4.71400022506714,1.1614590883255,0.708217680454254,0.0110515309497714,0.113177694380283
Bulgaria,2016,129.0,4.217,1.11306,0.67806,0.00615,0.12793
Bulgaria,2019,97.0,5.011,1.092,0.815,0.004,0.081
Burkina Faso,2019,115.0,4.587,0.331,0.38,0.113,0.177
Burkina Faso,2016,145.0,3.739,0.31995,0.21297,0.12533,0.24353
Burkina Faso,2018,121.0,4.424,0.314,0.254,0.128,0.175
Burkina Faso,2015,152.0,3.587,0.25812,0.27125,0.12832,0.21747
Burkina Faso,2017,134.0,4.03200006484985,0.3502277135849,0.215844258666039,0.120328105986118,0.250864684581757
Burundi,2019,145.0,3.775,0.046,0.38,0.18,0.176
Burundi,2017,154.0,2.90499997138977,0.091622568666935,0.151610791683197,0.0841479450464249,0.204435184597969
Burundi,2016,157.0,2.905,0.06831,0.15747,0.09419,0.2029
Burundi,2015,157.0,2.905,0.0153,0.22396,0.10062,0.19727
Burundi,2018,156.0,2.905,0.091,0.145,0.076,0.149
Cambodia,2018,120.0,4.433,0.549,0.457,0.065,0.256
Cambodia,2019,109.0,4.7,0.574,0.637,0.062,0.232
Cambodia,2016,140.0,3.907,0.55604,0.42494,0.08092,0.40339
Cambodia,2015,145.0,3.819,0.46038,0.61114,0.07247,0.40359
Cambodia,2017,129.0,4.16800022125244,0.601765096187592,0.429783403873444,0.0681059509515762,0.385922968387604
Cameroon,2016,114.0,4.513,0.52497,0.12698,0.06126,0.2268
Cameroon,2015,133.0,4.252,0.4225,0.23402,0.05786,0.20618
Cameroon,2017,107.0,4.69500017166138,0.564305365085602,0.132892116904259,0.0513066314160824,0.236298456788063
Cameroon,2019,96.0,5.044,0.549,0.331,0.037,0.187
Cameroon,2018,99.0,4.975,0.535,0.182,0.043,0.183
Canada,2017,7.0,7.31599998474121,1.47920441627502,0.83455765247345,0.287371516227722,0.435539722442627
Canada,2016,6.0,7.404,1.44015,0.8276,0.31329,0.44834
Canada,2019,9.0,7.278,1.365,1.039,0.308,0.285
Canada,2018,7.0,7.328,1.33,0.896,0.291,0.321
Canada,2015,5.0,7.427,1.32629,0.90563,0.32957,0.45811
Central African Republic,2019,155.0,3.083,0.026,0.105,0.035,0.235
Central African Republic,2015,148.0,3.678,0.0785,0.06699,0.08289,0.23835
Central African Republic,2018,155.0,3.083,0.024,0.01,0.038,0.218
Central African Republic,2017,155.0,2.69300007820129,0.0,0.0187726859003305,0.0565650761127472,0.280876487493515
Chad,2018,131.0,4.301,0.358,0.053,0.06,0.181
Chad,2019,132.0,4.35,0.35,0.192,0.078,0.198
Chad,2017,137.0,3.93600010871887,0.438012987375259,0.0411347150802612,0.0535818822681904,0.216113850474358
Chad,2015,149.0,3.667,0.34193,0.1501,0.05269,0.18386
Chad,2016,144.0,3.763,0.42214,0.03824,0.04952,0.18667
Chile,2016,24.0,6.705,1.2167,0.81883,0.11451,0.31595
Chile,2018,25.0,6.476,1.131,0.808,0.061,0.197
Chile,2017,20.0,6.65199995040894,1.25278460979462,0.819479703903198,0.0822879821062088,0.326662421226501
Chile,2019,26.0,6.444,1.159,0.92,0.056,0.187
Chile,2015,27.0,6.67,1.10715,0.85857,0.12869,0.33363
China,2016,83.0,5.245,1.0278,0.73561,0.02745,0.04959
China,2015,84.0,5.14,0.89012,0.81658,0.02781,0.08185
China,2017,79.0,5.27299976348877,1.08116579055786,0.741415500640869,0.0227942746132612,0.0288068410009146
China,2019,93.0,5.191,1.029,0.893,0.1,0.058
China,2018,86.0,5.246,0.989,0.799,0.103,0.029
Colombia,2017,36.0,6.35699987411499,1.07062232494354,0.595027923583984,0.0466687418520451,0.149014472961426
Colombia,2018,37.0,6.26,0.96,0.635,0.039,0.099
Colombia,2016,31.0,6.481,1.03032,0.59659,0.05399,0.15626
Colombia,2015,33.0,6.477,0.91861,0.69077,0.0512,0.18401
Colombia,2019,43.0,6.125,0.985,0.841,0.034,0.099
Comoros,2016,138.0,3.956,0.27509,0.29981,0.18437,0.1827
Comoros,2015,140.0,3.956,0.23906,0.36315,0.199,0.17441
Comoros,2019,142.0,3.973,0.274,0.505,0.078,0.275
Congo (Brazzaville),2019,103.0,4.812,0.673,0.508,0.093,0.105
Congo (Brazzaville),2015,139.0,3.989,0.67866,0.31051,0.11686,0.12388
Congo (Brazzaville),2016,127.0,4.236,0.77109,0.28212,0.09753,0.12077
Congo (Brazzaville),2018,114.0,4.559,0.682,0.343,0.077,0.091
Congo (Brazzaville),2017,124.0,4.29099988937378,0.808964252471924,0.28995743393898,0.0796181336045265,0.120852127671242
Congo (Kinshasa),2017,126.0,4.28000020980835,0.0921023488044739,0.191407024860382,0.0602413564920425,0.246455833315849
Congo (Kinshasa),2016,125.0,4.272,0.05661,0.188,0.06075,0.25458
Congo (Kinshasa),2018,132.0,4.245,0.069,0.204,0.052,0.197
Congo (Kinshasa),2019,127.0,4.418,0.094,0.357,0.053,0.212
Congo (Kinshasa),2015,120.0,4.517,0.0,0.09806,0.07625,0.24834
Costa Rica,2016,14.0,7.087,1.06879,0.76146,0.10547,0.22553
Costa Rica,2015,12.0,7.226,0.95578,0.86027,0.10583,0.25497
Costa Rica,2019,12.0,7.167,1.034,0.963,0.093,0.144
Costa Rica,2018,13.0,7.072,1.01,0.817,0.101,0.143
Costa Rica,2017,12.0,7.0789999961853,1.10970628261566,0.759509265422821,0.100106589496136,0.214613229036331
Croatia,2019,75.0,5.432,1.155,0.914,0.022,0.119
Croatia,2018,82.0,5.321,1.115,0.737,0.039,0.12
Croatia,2016,74.0,5.488,1.18649,0.70524,0.04002,0.18434
Croatia,2017,77.0,5.29300022125244,1.22255623340607,0.701288521289825,0.0431031100451946,0.248002976179123
Croatia,2015,62.0,5.759,1.08254,0.78805,0.0243,0.05444
Cyprus,2015,67.0,5.689,1.20813,0.92356,0.06146,0.30638
Cyprus,2017,65.0,5.62099981307983,1.35593807697296,0.84471470117569,0.0412379764020443,0.271254301071167
Cyprus,2018,61.0,5.762,1.229,0.909,0.035,0.202
Cyprus,2019,49.0,6.046,1.263,1.042,0.041,0.19
Cyprus,2016,69.0,5.546,1.31857,0.8488,0.05228,0.27906
Czech Republic,2019,20.0,6.852,1.269,0.92,0.036,0.046
Czech Republic,2016,27.0,6.596,1.30915,0.76376,0.03986,0.09929
Czech Republic,2018,21.0,6.711,1.233,0.854,0.034,0.064
Czech Republic,2015,31.0,6.505,1.17898,0.84483,0.02652,0.10686
Czech Republic,2017,23.0,6.60900020599365,1.35268235206604,0.754444003105164,0.0368729270994663,0.0881067588925362
Denmark,2015,3.0,7.527,1.32548,0.87464,0.48357,0.34139
Denmark,2018,3.0,7.555,1.351,0.868,0.408,0.284
Denmark,2019,2.0,7.6,1.383,0.996,0.41,0.252
Denmark,2017,2.0,7.52199983596802,1.48238301277161,0.792565524578094,0.40077006816864,0.355280488729477
Denmark,2016,1.0,7.526,1.44178,0.79504,0.44453,0.36171
Djibouti,2015,126.0,4.369,0.44025,0.36291,0.28105,0.18093
Dominican Republic,2017,86.0,5.23000001907349,1.07937383651733,0.574873745441437,0.113945253193378,0.186967849731445
Dominican Republic,2019,77.0,5.425,1.015,0.779,0.101,0.113
Dominican Republic,2018,83.0,5.302,0.982,0.614,0.106,0.12
Dominican Republic,2016,89.0,5.155,1.02787,0.57669,0.12372,0.21286
Dominican Republic,2015,98.0,4.885,0.89537,0.66825,0.14234,0.21684
Ecuador,2018,48.0,5.973,0.889,0.736,0.12,0.114
Ecuador,2019,50.0,6.028,0.912,0.868,0.087,0.126
Ecuador,2015,48.0,5.975,0.86402,0.79075,0.1809,0.11541
Ecuador,2016,51.0,5.976,0.97306,0.68613,0.18037,0.10074
Ecuador,2017,44.0,6.00799989700317,1.00082039833069,0.685636222362518,0.140134647488594,0.150112465023994
Egypt,2018,122.0,4.419,0.885,0.553,0.107,0.092
Egypt,2015,135.0,4.194,0.8818,0.61712,0.06324,0.11291
Egypt,2016,120.0,4.362,0.95395,0.52116,0.10393,0.12706
Egypt,2019,137.0,4.166,0.913,0.644,0.067,0.076
Egypt,2017,104.0,4.7350001335144,0.989701807498932,0.520187258720398,0.114381365478039,0.128631442785263
El Salvador,2019,35.0,6.253,0.794,0.789,0.074,0.093
El Salvador,2016,46.0,6.068,0.8737,0.596,0.10613,0.08877
El Salvador,2017,45.0,6.00299978256226,0.909784495830536,0.596018552780151,0.0899809598922729,0.0782579854130745
El Salvador,2015,42.0,6.13,0.76454,0.67737,0.11776,0.10692
El Salvador,2018,40.0,6.167,0.806,0.639,0.082,0.065
Estonia,2016,72.0,5.517,1.27964,0.68098,0.18519,0.08423
Estonia,2017,66.0,5.61100006103516,1.32087934017181,0.695168316364288,0.183248922228813,0.0988908112049103
Estonia,2019,55.0,5.893,1.237,0.874,0.161,0.103
Estonia,2018,63.0,5.739,1.2,0.737,0.174,0.086
Estonia,2015,73.0,5.429,1.15174,0.77361,0.15184,0.0868
Ethiopia,2018,127.0,4.35,0.308,0.391,0.146,0.22
Ethiopia,2016,115.0,4.508,0.29283,0.34578,0.1717,0.29522
Ethiopia,2017,119.0,4.46000003814697,0.339233845472336,0.353409707546234,0.165455713868141,0.312650740146637
Ethiopia,2015,122.0,4.512,0.19073,0.44055,0.15048,0.24325
Ethiopia,2019,134.0,4.286,0.336,0.532,0.1,0.209
Finland,2019,1.0,7.769,1.34,0.986,0.393,0.153
Finland,2015,6.0,7.406,1.29025,0.88911,0.41372,0.23351
Finland,2017,5.0,7.4689998626709,1.44357192516327,0.80915766954422,0.38261154294014,0.24548277258873
Finland,2018,1.0,7.632,1.305,0.874,0.393,0.202
Finland,2016,5.0,7.413,1.40598,0.81091,0.41004,0.25492
France,2019,24.0,6.592,1.324,1.045,0.183,0.111
France,2017,31.0,6.44199991226196,1.43092346191406,0.844465851783752,0.172502428293228,0.129762306809425
France,2016,32.0,6.478,1.39488,0.83795,0.17808,0.1216
France,2018,23.0,6.489,1.293,0.908,0.176,0.098
France,2015,29.0,6.575,1.27778,0.94579,0.20646,0.12332
Gabon,2019,104.0,4.799,1.057,0.571,0.055,0.043
Gabon,2016,134.0,4.121,1.15851,0.3494,0.09314,0.06244
Gabon,2017,118.0,4.46500015258789,1.1982102394104,0.356578588485718,0.0760467872023582,0.0437853783369064
Gabon,2015,143.0,3.896,1.06024,0.43372,0.11091,0.06822
Gabon,2018,103.0,4.758,1.036,0.404,0.052,0.032
Gambia,2019,120.0,4.516,0.308,0.428,0.167,0.269
Georgia,2016,126.0,4.252,0.83792,0.64035,0.3188,0.06786
Georgia,2015,130.0,4.297,0.7419,0.72926,0.38331,0.05547
Georgia,2018,128.0,4.34,0.853,0.643,0.215,0.038
Georgia,2017,125.0,4.28599977493286,0.950612664222717,0.649546980857849,0.251666635274887,0.0540088154375553
Georgia,2019,119.0,4.519,0.886,0.752,0.164,0.043
Germany,2019,17.0,6.985,1.373,0.987,0.265,0.261
Germany,2018,15.0,6.965,1.34,0.861,0.28,0.273
Germany,2015,26.0,6.75,1.32792,0.89186,0.21843,0.28214
Germany,2016,16.0,6.994,1.44787,0.81487,0.28551,0.30452
Germany,2017,16.0,6.95100021362305,1.48792338371277,0.798950731754303,0.276731938123703,0.336269170045853
Ghana,2015,114.0,4.633,0.54558,0.40132,0.04355,0.23087
Ghana,2016,124.0,4.276,0.63107,0.29681,0.0326,0.21203
Ghana,2018,108.0,4.657,0.592,0.337,0.029,0.212
Ghana,2017,131.0,4.11999988555908,0.667224824428558,0.295637726783752,0.0253363698720932,0.256923943758011
Ghana,2019,98.0,4.996,0.611,0.486,0.04,0.245
Greece,2015,102.0,4.857,1.15406,0.88213,0.01397,0.0
Greece,2018,79.0,5.358,1.154,0.879,0.044,0.0
Greece,2019,82.0,5.287,1.181,0.999,0.034,0.0
Greece,2017,87.0,5.22700023651123,1.28948748111725,0.810198903083801,0.04328977689147,0.0
Greece,2016,99.0,5.033,1.24886,0.80029,0.04127,0.0
Guatemala,2015,43.0,6.123,0.74553,0.64425,0.09472,0.27489
Guatemala,2019,27.0,6.436,0.8,0.746,0.078,0.175
Guatemala,2018,30.0,6.382,0.781,0.608,0.071,0.179
Guatemala,2016,39.0,6.324,0.83454,0.54039,0.08701,0.28808
Guatemala,2017,29.0,6.4539999961853,0.872001945972443,0.540239989757538,0.0772232785820961,0.283488392829895
Guinea,2016,151.0,3.607,0.22415,0.18829,0.1192,0.29914
Guinea,2015,150.0,3.656,0.17417,0.24009,0.12139,0.28657
Guinea,2019,118.0,4.534,0.38,0.375,0.086,0.207
Guinea,2018,140.0,3.964,0.344,0.211,0.094,0.185
Guinea,2017,149.0,3.50699996948242,0.244549930095673,0.194129139184952,0.110937617719173,0.264815092086792
Haiti,2018,148.0,3.582,0.315,0.289,0.104,0.392
Haiti,2017,145.0,3.6029999256134,0.368610262870789,0.277321130037308,0.0998721495270729,0.489203780889511
Haiti,2015,119.0,4.518,0.26673,0.38847,0.17175,0.46187
Haiti,2019,147.0,3.597,0.323,0.449,0.11,0.419
Haiti,2016,136.0,4.028,0.34097,0.27494,0.14476,0.47958
Honduras,2015,105.0,4.788,0.59532,0.6951,0.06825,0.23027
Honduras,2018,72.0,5.504,0.62,0.622,0.074,0.197
Honduras,2019,59.0,5.86,0.642,0.828,0.078,0.246
Honduras,2016,104.0,4.871,0.69429,0.58383,0.06906,0.2044
Honduras,2017,91.0,5.18100023269653,0.730573117733002,0.582569479942322,0.0733454525470734,0.236188873648643
Hong Kong,2018,76.0,5.43,1.405,1.03,0.291,0.246
Hong Kong,2019,76.0,5.43,1.438,1.122,0.287,0.258
Hong Kong,2016,75.0,5.458,1.5107,0.95277,0.31647,0.40097
Hong Kong,2015,72.0,5.474,1.38604,1.01328,0.37124,0.39478
"Hong Kong S.A.R., China",2017,71.0,5.47200012207031,1.55167484283447,0.943062424659729,0.293933749198914,0.374465793371201
Hungary,2018,69.0,5.62,1.171,0.732,0.022,0.061
Hungary,2016,91.0,5.145,1.24142,0.67608,0.04472,0.099
Hungary,2015,104.0,4.8,1.12094,0.75905,0.02758,0.128
Hungary,2017,75.0,5.32399988174438,1.2860119342804,0.687763452529907,0.0366369374096394,0.0784016624093056
Hungary,2019,62.0,5.758,1.201,0.828,0.02,0.081
Iceland,2017,3.0,7.50400018692017,1.480633020401,0.833552122116089,0.153526559472084,0.475540220737457
Iceland,2015,2.0,7.561,1.30232,0.94784,0.14145,0.4363
Iceland,2016,3.0,7.501,1.42666,0.86733,0.14975,0.47678
Iceland,2019,4.0,7.494,1.38,1.026,0.118,0.354
Iceland,2018,4.0,7.495,1.343,0.914,0.138,0.353
India,2018,133.0,4.19,0.721,0.485,0.093,0.172
India,2019,140.0,4.015,0.755,0.588,0.085,0.2
India,2017,122.0,4.31500005722046,0.792221248149872,0.455427616834641,0.0922268852591515,0.231538489460945
India,2016,118.0,4.404,0.74036,0.45091,0.08722,0.25028
India,2015,117.0,4.565,0.64499,0.51529,0.08492,0.26475
Indonesia,2017,81.0,5.26200008392334,0.995538592338562,0.492345720529556,0.0153171354904771,0.611704587936401
Indonesia,2018,96.0,5.093,0.899,0.522,0.018,0.484
Indonesia,2015,74.0,5.399,0.82827,0.63793,0.0,0.51535
Indonesia,2016,79.0,5.314,0.95104,0.49374,0.00322,0.56521
Indonesia,2019,92.0,5.192,0.931,0.66,0.028,0.498
Iran,2019,117.0,4.548,1.1,0.785,0.125,0.27
Iran,2016,105.0,4.813,1.11758,0.64232,0.0557,0.38538
Iran,2017,108.0,4.69199991226196,1.15687310695648,0.639333188533783,0.048761073499918,0.387242913246155
Iran,2015,110.0,4.686,1.0088,0.69805,0.05863,0.38086
Iran,2018,106.0,4.707,1.059,0.691,0.129,0.282
Iraq,2018,117.0,4.456,1.01,0.536,0.095,0.148
Iraq,2015,112.0,4.677,0.98549,0.60237,0.13788,0.17922
Iraq,2019,126.0,4.437,1.043,0.574,0.089,0.148
Iraq,2016,112.0,4.575,1.07474,0.51076,0.13636,0.19589
Iraq,2017,117.0,4.49700021743774,1.10271048545837,0.501180469989777,0.107215754687786,0.19963726401329
Ireland,2017,15.0,6.97700023651123,1.53570663928986,0.80978262424469,0.29838815331459,0.42785832285881
Ireland,2019,16.0,7.021,1.499,0.999,0.31,0.298
Ireland,2018,14.0,6.977,1.448,0.876,0.306,0.307
Ireland,2015,18.0,6.94,1.33596,0.89533,0.28703,0.45901
Ireland,2016,19.0,6.907,1.48341,0.81455,0.29754,0.44963
Israel,2018,19.0,6.814,1.301,0.883,0.272,0.354
Israel,2019,13.0,7.139,1.276,1.029,0.082,0.261
Israel,2016,11.0,7.267,1.33766,0.84917,0.08728,0.32288
Israel,2015,11.0,7.278,1.22857,0.91387,0.07785,0.33172
Israel,2017,11.0,7.21299982070923,1.37538242340088,0.83840399980545,0.0852421000599861,0.330082654953003
Italy,2015,50.0,5.948,1.25114,0.95446,0.02901,0.22823
Italy,2017,48.0,5.96400022506714,1.39506661891937,0.853144347667694,0.0280280914157629,0.17278964817524
Italy,2019,36.0,6.223,1.294,1.039,0.03,0.158
Italy,2018,47.0,6.0,1.264,0.946,0.028,0.137
Italy,2016,50.0,5.977,1.35495,0.85102,0.02556,0.16684
Ivory Coast,2018,107.0,4.671,0.541,0.08,0.103,0.146
Ivory Coast,2017,128.0,4.17999982833862,0.603048920631409,0.0486421696841717,0.130061775445938,0.201237469911575
Ivory Coast,2019,99.0,4.944,0.569,0.232,0.09,0.154
Ivory Coast,2015,151.0,3.655,0.46534,0.15185,0.17922,0.20165
Ivory Coast,2016,139.0,3.916,0.55507,0.04476,0.1553,0.20338
Jamaica,2019,56.0,5.89,0.831,0.831,0.028,0.107
Jamaica,2018,56.0,5.89,0.819,0.693,0.031,0.096
Jamaica,2017,76.0,5.31099987030029,0.925579309463501,0.641022384166718,0.0552677810192108,0.233818337321281
Jamaica,2015,65.0,5.709,0.81038,0.68741,0.02299,0.2123
Jamaica,2016,73.0,5.51,0.89333,0.59469,0.04294,0.22245
Japan,2018,54.0,5.915,1.294,0.988,0.15,0.079
Japan,2019,58.0,5.886,1.327,1.088,0.14,0.069
Japan,2017,51.0,5.92000007629395,1.41691517829895,0.913475871086121,0.163760736584663,0.12057276815176
Japan,2015,46.0,5.987,1.27074,0.99111,0.1806,0.10705
Japan,2016,53.0,5.921,1.38007,0.91491,0.18985,0.10224
Jordan,2016,80.0,5.303,0.99673,0.60712,0.13297,0.14262
Jordan,2018,90.0,5.161,0.822,0.645,0.134,0.13
Jordan,2019,101.0,4.906,0.837,0.815,0.13,0.11
Jordan,2015,82.0,5.192,0.90198,0.69639,0.14293,0.11053
Jordan,2017,74.0,5.33599996566772,0.991012394428253,0.604590058326721,0.11980327218771,0.172170460224152
Kazakhstan,2017,60.0,5.81899976730347,1.28455626964569,0.606041550636292,0.119282886385918,0.201964423060417
Kazakhstan,2018,60.0,5.79,1.143,0.631,0.121,0.148
Kazakhstan,2019,60.0,5.809,1.173,0.729,0.096,0.146
Kazakhstan,2015,54.0,5.855,1.12254,0.64368,0.08454,0.11827
Kazakhstan,2016,54.0,5.919,1.22943,0.57386,0.11132,0.15011
Kenya,2017,112.0,4.55299997329712,0.560479462146759,0.309988349676132,0.0646413192152977,0.444860309362411
Kenya,2015,125.0,4.419,0.36471,0.41435,0.05839,0.37542
Kenya,2018,124.0,4.41,0.493,0.454,0.055,0.352
Kenya,2016,122.0,4.356,0.52267,0.30147,0.06686,0.41328
Kenya,2019,121.0,4.509,0.512,0.581,0.053,0.372
Kosovo,2015,69.0,5.589,0.80148,0.63132,0.04741,0.2831
Kosovo,2019,46.0,6.1,0.882,0.758,0.006,0.262
Kosovo,2017,78.0,5.27899980545044,0.951484382152557,0.541452050209045,0.0574716180562973,0.319931447505951
Kosovo,2018,66.0,5.662,0.855,0.578,0.023,0.274
Kosovo,2016,77.0,5.401,0.90145,0.54,0.06547,0.27992
Kuwait,2015,39.0,6.295,1.55422,0.72492,0.25609,0.16228
Kuwait,2019,51.0,6.021,1.5,0.808,0.097,0.142
Kuwait,2016,41.0,6.239,1.61714,0.63569,0.23669,0.15965
Kuwait,2018,45.0,6.083,1.474,0.675,0.106,0.167
Kuwait,2017,39.0,6.10500001907349,1.63295245170593,0.632105708122253,0.215159550309181,0.228289797902107
Kyrgyzstan,2016,85.0,5.185,0.56044,0.55449,0.04762,0.38432
Kyrgyzstan,2017,98.0,5.00400018692017,0.596220076084137,0.553457796573639,0.0394391790032387,0.42858037352562
Kyrgyzstan,2018,92.0,5.131,0.53,0.594,0.035,0.281
Kyrgyzstan,2019,86.0,5.261,0.551,0.723,0.023,0.3
Kyrgyzstan,2015,77.0,5.286,0.47428,0.65088,0.04232,0.3003
Laos,2018,110.0,4.623,0.72,0.441,0.174,0.23
Laos,2019,105.0,4.796,0.764,0.551,0.164,0.266
Laos,2015,99.0,4.876,0.59066,0.54909,0.24249,0.42192
Laos,2016,102.0,4.876,0.68042,0.38291,0.22423,0.43079
Latvia,2017,54.0,5.84999990463257,1.26074862480164,0.638566970825195,0.0738427266478539,0.153074786067009
Latvia,2018,53.0,5.933,1.148,0.671,0.066,0.092
Latvia,2015,89.0,5.098,1.11312,0.72437,0.06332,0.18226
Latvia,2019,53.0,5.94,1.187,0.812,0.064,0.075
Latvia,2016,68.0,5.56,1.21788,0.63952,0.0889,0.17445
Lebanon,2016,93.0,5.129,1.12268,0.76171,0.03061,0.23693
Lebanon,2019,91.0,5.197,0.987,0.815,0.027,0.166
Lebanon,2017,88.0,5.22499990463257,1.07498753070831,0.735081076622009,0.037513829767704,0.264450758695602
Lebanon,2018,80.0,5.358,0.965,0.785,0.136,0.214
Lebanon,2015,103.0,4.839,1.02564,0.83947,0.04582,0.21854
Lesotho,2018,141.0,3.808,0.472,0.079,0.112,0.116
Lesotho,2015,97.0,4.898,0.37545,0.07612,0.12504,0.16388
Lesotho,2019,144.0,3.802,0.489,0.168,0.093,0.107
Lesotho,2017,139.0,3.80800008773804,0.521021246910095,0.0,0.119094640016556,0.157497271895409
Liberia,2018,149.0,3.495,0.076,0.267,0.03,0.206
Liberia,2017,148.0,3.53299999237061,0.119041793048382,0.229918196797371,0.0389482490718365,0.26654988527298
Liberia,2015,116.0,4.571,0.0712,0.34201,0.06232,0.24362
Liberia,2016,150.0,3.622,0.10706,0.23165,0.04852,0.24063
Liberia,2019,141.0,3.975,0.073,0.443,0.033,0.233
Libya,2016,67.0,5.615,1.06688,0.52304,0.10339,0.17087
Libya,2019,72.0,5.525,1.044,0.673,0.152,0.133
Libya,2017,68.0,5.52500009536743,1.10180306434631,0.520169019699097,0.0926102101802826,0.152073666453362
Libya,2018,70.0,5.566,0.985,0.553,0.148,0.116
Libya,2015,63.0,5.754,1.13145,0.7038,0.11023,0.18295
Lithuania,2015,56.0,5.833,1.14723,0.73128,0.01031,0.02641
Lithuania,2016,60.0,5.813,1.2692,0.64674,0.0182,0.02025
Lithuania,2019,42.0,6.149,1.238,0.818,0.042,0.043
Lithuania,2018,50.0,5.952,1.197,0.716,0.006,0.026
Lithuania,2017,52.0,5.90199995040894,1.31458234786987,0.62894994020462,0.0118656428530812,0.010164656676352
Luxembourg,2016,20.0,6.871,1.69752,0.84542,0.35329,0.27571
Luxembourg,2015,17.0,6.946,1.56391,0.91894,0.37798,0.28034
Luxembourg,2017,18.0,6.86299991607666,1.74194359779358,0.845089495182037,0.31883442401886,0.283180981874466
Luxembourg,2018,17.0,6.91,1.576,0.896,0.321,0.196
Luxembourg,2019,14.0,7.09,1.609,1.012,0.316,0.194
Macedonia,2015,93.0,5.007,0.91851,0.73545,0.05327,0.22359
Macedonia,2018,89.0,5.185,0.959,0.691,0.052,0.173
Macedonia,2017,92.0,5.17500019073486,1.06457793712616,0.644948184490204,0.0602777935564518,0.25376096367836
Macedonia,2016,95.0,5.121,1.0193,0.64738,0.07047,0.23507
Madagascar,2015,147.0,3.681,0.20824,0.46721,0.08124,0.21333
Madagascar,2016,148.0,3.695,0.27954,0.37109,0.07506,0.2204
Madagascar,2018,143.0,3.774,0.262,0.402,0.049,0.155
Madagascar,2017,144.0,3.64400005340576,0.305808693170547,0.375223308801651,0.0672319754958153,0.208732530474663
Madagascar,2019,143.0,3.933,0.274,0.555,0.041,0.169
Malawi,2018,147.0,3.587,0.186,0.306,0.08,0.21
Malawi,2016,132.0,4.156,0.08709,0.29364,0.07564,0.30968
Malawi,2017,136.0,3.97000002861023,0.233442038297653,0.315089583396912,0.0727116540074348,0.287170469760895
Malawi,2015,131.0,4.292,0.01604,0.22562,0.06977,0.33128
Malawi,2019,150.0,3.41,0.191,0.495,0.089,0.218
Malaysia,2017,42.0,6.08400011062622,1.29121541976929,0.618784427642822,0.0656007081270218,0.416608929634094
Malaysia,2016,47.0,6.005,1.25142,0.62366,0.09081,0.41474
Malaysia,2015,61.0,5.77,1.12486,0.72394,0.10501,0.33075
Malaysia,2019,80.0,5.339,1.221,0.828,0.024,0.26
Malaysia,2018,35.0,6.322,1.161,0.669,0.059,0.311
Mali,2017,127.0,4.19000005722046,0.476180493831635,0.169365674257278,0.104970246553421,0.183354198932648
Mali,2015,138.0,3.995,0.26074,0.20583,0.12352,0.18798
Mali,2019,128.0,4.39,0.385,0.308,0.052,0.153
Mali,2018,118.0,4.447,0.37,0.152,0.056,0.139
Mali,2016,135.0,4.073,0.31292,0.16347,0.13647,0.21064
Malta,2018,22.0,6.627,1.27,0.884,0.142,0.376
Malta,2019,22.0,6.726,1.3,0.999,0.151,0.375
Malta,2016,30.0,6.488,1.30782,0.80315,0.17554,0.56237
Malta,2017,27.0,6.52699995040894,1.34327983856201,0.821944236755371,0.153066068887711,0.574730575084686
Malta,2015,37.0,6.302,1.2074,0.88721,0.13586,0.51752
Mauritania,2015,124.0,4.436,0.45407,0.35874,0.17461,0.219
Mauritania,2019,122.0,4.49,0.57,0.489,0.088,0.106
Mauritania,2017,123.0,4.29199981689453,0.648457288742065,0.285349279642105,0.136957004666328,0.201870024204254
Mauritania,2016,130.0,4.201,0.61391,0.28639,0.17955,0.22686
Mauritania,2018,126.0,4.356,0.557,0.292,0.093,0.134
Mauritius,2016,66.0,5.648,1.14372,0.66189,0.05203,0.36951
Mauritius,2017,64.0,5.62900018692017,1.18939554691315,0.638007462024689,0.0421815551817417,0.360933750867844
Mauritius,2019,57.0,5.888,1.12,0.798,0.06,0.215
Mauritius,2015,71.0,5.477,1.00761,0.7095,0.07521,0.37744
Mauritius,2018,55.0,5.891,1.09,0.684,0.05,0.245
Mexico,2015,14.0,7.187,1.02054,0.81444,0.21312,0.14074
Mexico,2018,24.0,6.488,1.038,0.761,0.095,0.069
Mexico,2019,23.0,6.595,1.07,0.861,0.073,0.074
Mexico,2016,21.0,6.778,1.11508,0.71143,0.18355,0.11735
Mexico,2017,25.0,6.57800006866455,1.15318381786346,0.709978997707367,0.132774114608765,0.120990432798862
Moldova,2018,67.0,5.64,0.657,0.62,0.0,0.171
Moldova,2019,71.0,5.529,0.685,0.739,0.0,0.181
Moldova,2015,52.0,5.889,0.59448,0.61826,0.01615,0.20951
Moldova,2017,56.0,5.83799982070923,0.728870630264282,0.589465200901031,0.0100912861526012,0.208779126405716
Moldova,2016,55.0,5.897,0.69177,0.52309,0.01903,0.19997
Mongolia,2015,100.0,4.874,0.82819,0.60268,0.02666,0.3323
Mongolia,2018,94.0,5.125,0.914,0.575,0.032,0.253
Mongolia,2017,100.0,4.95499992370605,1.02723586559296,0.557783484458923,0.0329022891819477,0.338464230298996
Mongolia,2019,83.0,5.285,0.948,0.667,0.038,0.235
Mongolia,2016,101.0,4.907,0.98853,0.55469,0.03285,0.34539
Montenegro,2018,81.0,5.347,1.017,0.729,0.081,0.111
Montenegro,2019,73.0,5.523,1.051,0.871,0.08,0.142
Montenegro,2017,83.0,5.23699998855591,1.12112903594971,0.667464673519135,0.0881741940975189,0.197911024093628
Montenegro,2016,88.0,5.161,1.07838,0.63533,0.12721,0.17191
Montenegro,2015,82.0,5.192,0.97438,0.72521,0.14296,0.1614
Morocco,2018,85.0,5.254,0.779,0.669,0.074,0.026
Morocco,2015,92.0,5.013,0.73479,0.60954,0.08546,0.07172
Morocco,2017,84.0,5.2350001335144,0.878114581108093,0.59771066904068,0.0877631828188896,0.0322099551558495
Morocco,2019,89.0,5.208,0.801,0.782,0.076,0.036
Morocco,2016,90.0,5.151,0.84058,0.59471,0.08404,0.04053
Mozambique,2017,113.0,4.55000019073486,0.234305649995804,0.106654435396194,0.179436385631561,0.322228103876114
Mozambique,2019,123.0,4.466,0.204,0.39,0.138,0.197
Mozambique,2018,123.0,4.417,0.198,0.173,0.158,0.206
Mozambique,2015,94.0,4.971,0.08308,0.09131,0.15603,0.22269
Myanmar,2016,119.0,4.395,0.34112,0.3988,0.20243,0.81971
Myanmar,2019,131.0,4.36,0.71,0.555,0.172,0.566
Myanmar,2018,130.0,4.308,0.682,0.429,0.178,0.598
Myanmar,2015,129.0,4.307,0.27108,0.48246,0.19034,0.79588
Myanmar,2017,114.0,4.54500007629395,0.367110550403595,0.397522568702698,0.188816204667091,0.838075160980225
Namibia,2019,113.0,4.639,0.879,0.477,0.056,0.07
Namibia,2016,113.0,4.574,0.93287,0.34745,0.10398,0.07795
Namibia,2017,111.0,4.57399988174438,0.964434325695038,0.33861181139946,0.0931469723582268,0.0771337449550629
Namibia,2018,119.0,4.441,0.874,0.365,0.064,0.051
Nepal,2018,101.0,4.88,0.425,0.539,0.078,0.302
Nepal,2015,121.0,4.514,0.35997,0.56874,0.05907,0.32296
Nepal,2019,100.0,4.913,0.446,0.677,0.089,0.285
Nepal,2016,107.0,4.793,0.44626,0.50073,0.07008,0.3816
Nepal,2017,99.0,4.96199989318848,0.479820191860199,0.504130780696869,0.0729755461215973,0.394096165895462
Netherlands,2016,7.0,7.339,1.46468,0.81231,0.29927,0.47416
Netherlands,2019,5.0,7.488,1.396,0.999,0.298,0.322
Netherlands,2017,6.0,7.3769998550415,1.50394463539124,0.810696125030518,0.282661825418472,0.470489829778671
Netherlands,2018,6.0,7.441,1.361,0.878,0.295,0.333
Netherlands,2015,7.0,7.378,1.32944,0.89284,0.31814,0.4761
New Zealand,2016,8.0,7.334,1.36066,0.83096,0.41904,0.49401
New Zealand,2019,8.0,7.307,1.303,1.026,0.38,0.33
New Zealand,2017,8.0,7.31400012969971,1.40570604801178,0.816759705543518,0.382816702127457,0.500005125999451
New Zealand,2015,9.0,7.286,1.25018,0.90837,0.42922,0.47501
New Zealand,2018,8.0,7.324,1.268,0.876,0.389,0.365
Nicaragua,2017,43.0,6.07100009918213,0.737299203872681,0.653095960617065,0.130687981843948,0.301674216985703
Nicaragua,2016,48.0,5.992,0.69384,0.65213,0.16292,0.29773
Nicaragua,2019,45.0,6.105,0.694,0.835,0.127,0.2
Nicaragua,2018,41.0,6.141,0.668,0.7,0.128,0.208
Nicaragua,2015,57.0,5.828,0.59325,0.74314,0.19317,0.27815
Niger,2018,134.0,4.166,0.131,0.221,0.099,0.175
Niger,2017,135.0,4.02799987792969,0.161925330758095,0.26850500702858,0.138572946190834,0.228673845529556
Niger,2019,114.0,4.628,0.138,0.366,0.102,0.188
Niger,2016,142.0,3.856,0.1327,0.26162,0.17176,0.2097
Niger,2015,144.0,3.845,0.0694,0.29707,0.15639,0.19387
Nigeria,2017,95.0,5.07399988174438,0.783756256103516,0.0569157302379608,0.0261215660721064,0.230947196483612
Nigeria,2016,103.0,4.875,0.75216,0.05108,0.0305,0.23219
Nigeria,2018,91.0,5.155,0.689,0.048,0.032,0.201
Nigeria,2015,78.0,5.268,0.65435,0.16007,0.0403,0.27233
Nigeria,2019,85.0,5.265,0.696,0.245,0.041,0.215
North Cyprus,2017,61.0,5.80999994277954,1.3469113111496,0.834647238254547,0.155353352427483,0.266845703125
North Cyprus,2016,62.0,5.771,1.31141,0.84142,0.16578,0.26322
North Cyprus,2015,66.0,5.695,1.20806,0.92356,0.1428,0.26169
North Macedonia,2019,84.0,5.274,0.983,0.838,0.034,0.185
Northern Cyprus,2019,64.0,5.718,1.263,1.042,0.162,0.191
Northern Cyprus,2018,58.0,5.835,1.229,0.909,0.154,0.179
Norway,2018,2.0,7.594,1.456,0.861,0.34,0.286
Norway,2019,3.0,7.554,1.488,1.028,0.341,0.271
Norway,2016,4.0,7.498,1.57744,0.79579,0.35776,0.37895
Norway,2017,1.0,7.53700017929077,1.61646318435669,0.796666502952576,0.315963834524155,0.36201223731041
Norway,2015,4.0,7.522,1.459,0.88521,0.36503,0.34699
Oman,2015,22.0,6.853,1.36011,0.76276,0.32524,0.21542
Pakistan,2015,81.0,5.194,0.59543,0.51466,0.10464,0.33671
Pakistan,2018,75.0,5.472,0.652,0.424,0.113,0.216
Pakistan,2016,92.0,5.132,0.68816,0.40306,0.1388,0.31185
Pakistan,2019,67.0,5.653,0.677,0.535,0.098,0.22
Pakistan,2017,80.0,5.26900005340576,0.72688353061676,0.402047783136368,0.124348066747189,0.315446019172668
Palestinian Territories,2019,110.0,4.696,0.657,0.672,0.066,0.103
Palestinian Territories,2016,108.0,4.754,0.67024,0.56844,0.10613,0.11154
Palestinian Territories,2018,104.0,4.743,0.642,0.602,0.076,0.086
Palestinian Territories,2015,108.0,4.715,0.59867,0.66015,0.12905,0.11251
Palestinian Territories,2017,103.0,4.77500009536743,0.716249227523804,0.565666973590851,0.0892826020717621,0.114173173904419
Panama,2016,25.0,6.701,1.18306,0.70835,0.08423,0.2418
Panama,2019,31.0,6.321,1.149,0.91,0.054,0.109
Panama,2017,30.0,6.4520001411438,1.23374843597412,0.706156134605408,0.070983923971653,0.21055693924427
Panama,2018,27.0,6.43,1.112,0.759,0.063,0.125
Panama,2015,25.0,6.786,1.06353,0.79661,0.0927,0.24434
Paraguay,2015,53.0,5.878,0.75985,0.66098,0.08242,0.3424
Paraguay,2019,63.0,5.743,0.855,0.777,0.08,0.184
Paraguay,2017,70.0,5.49300003051758,0.932537317276001,0.579250693321228,0.091065913438797,0.224150657653809
Paraguay,2018,64.0,5.681,0.835,0.615,0.074,0.162
Paraguay,2016,70.0,5.538,0.89373,0.58295,0.07396,0.25296
Peru,2015,58.0,5.824,0.90019,0.73017,0.05989,0.14982
Peru,2019,65.0,5.697,0.96,0.854,0.027,0.083
Peru,2017,63.0,5.71500015258789,1.03522527217865,0.630166113376617,0.0470490865409374,0.126819714903831
Peru,2016,64.0,5.743,0.99602,0.62994,0.05292,0.14527
Peru,2018,65.0,5.663,0.934,0.674,0.034,0.092
Philippines,2019,69.0,5.631,0.807,0.657,0.107,0.117
Philippines,2016,82.0,5.279,0.81217,0.47036,0.11757,0.21674
Philippines,2017,72.0,5.42999982833862,0.85769921541214,0.468009054660797,0.0993318930268288,0.193513423204422
Philippines,2018,71.0,5.524,0.775,0.513,0.105,0.12
Philippines,2015,90.0,5.073,0.70532,0.58114,0.12279,0.24991
Poland,2018,42.0,6.123,1.176,0.781,0.064,0.108
Poland,2015,60.0,5.791,1.12555,0.77903,0.04212,0.16759
Poland,2016,57.0,5.835,1.24585,0.69058,0.055,0.14443
Poland,2019,40.0,6.182,1.206,0.884,0.05,0.117
Poland,2017,46.0,5.97300004959106,1.29178786277771,0.699475347995758,0.0593078061938286,0.158465966582298
Portugal,2019,66.0,5.693,1.221,0.999,0.025,0.047
Portugal,2017,89.0,5.19500017166138,1.3151752948761,0.795843541622162,0.0158694516867399,0.0951027125120163
Portugal,2015,88.0,5.102,1.15991,0.87519,0.01078,0.13719
Portugal,2016,94.0,5.123,1.27607,0.79363,0.01521,0.11691
Portugal,2018,77.0,5.41,1.188,0.884,0.017,0.055
Puerto Rico,2016,15.0,7.039,1.35943,0.77758,0.12275,0.22202
Qatar,2015,28.0,6.611,1.69042,0.79733,0.52208,0.32573
Qatar,2018,32.0,6.374,1.649,0.748,0.171,0.256
Qatar,2019,29.0,6.374,1.684,0.871,0.167,0.22
Qatar,2016,36.0,6.375,1.82427,0.71723,0.48049,0.32388
Qatar,2017,35.0,6.375,1.87076568603516,0.710098087787628,0.439299255609512,0.330473870038986
Romania,2017,57.0,5.82499980926514,1.21768391132355,0.685158312320709,0.00438790069893,0.133519917726517
Romania,2019,48.0,6.07,1.162,0.825,0.005,0.083
Romania,2016,71.0,5.528,1.1697,0.67602,0.00679,0.12889
Romania,2018,52.0,5.945,1.116,0.726,0.001,0.088
Romania,2015,86.0,5.124,1.04345,0.7689,0.00649,0.13748
Russia,2017,49.0,5.96299982070923,1.28177809715271,0.547349333763123,0.0329628810286522,0.0522638224065304
Russia,2019,68.0,5.648,1.183,0.726,0.031,0.082
Russia,2018,59.0,5.81,1.151,0.599,0.025,0.065
Russia,2015,64.0,5.716,1.13764,0.66926,0.03005,0.00199
Russia,2016,56.0,5.856,1.23228,0.58991,0.03586,0.02736
Rwanda,2016,152.0,3.515,0.32846,0.31865,0.50521,0.23552
Rwanda,2018,151.0,3.408,0.332,0.4,0.444,0.2
Rwanda,2017,151.0,3.47099995613098,0.368745893239975,0.326424807310104,0.455220013856888,0.252756029367447
Rwanda,2019,152.0,3.334,0.359,0.614,0.411,0.217
Rwanda,2015,154.0,3.465,0.22208,0.42864,0.55191,0.22628
Saudi Arabia,2016,34.0,6.379,1.48953,0.59267,0.30008,0.15457
Saudi Arabia,2019,28.0,6.375,1.403,0.795,0.132,0.08
Saudi Arabia,2015,35.0,6.411,1.39541,0.72025,0.32524,0.13706
Saudi Arabia,2017,37.0,6.3439998626709,1.53062355518341,0.590148329734802,0.27343225479126,0.147616013884544
Saudi Arabia,2018,33.0,6.371,1.379,0.633,0.127,0.098
Senegal,2015,142.0,3.904,0.36498,0.4354,0.10713,0.20843
Senegal,2019,111.0,4.681,0.45,0.571,0.072,0.153
Senegal,2018,109.0,4.631,0.429,0.433,0.082,0.138
Senegal,2017,115.0,4.53499984741211,0.479309022426605,0.409362852573395,0.115460447967052,0.183468893170357
Senegal,2016,128.0,4.219,0.44314,0.40457,0.11681,0.19103
Serbia,2017,73.0,5.39499998092651,1.06931757926941,0.65078467130661,0.0409037806093693,0.220125883817673
Serbia,2016,86.0,5.177,1.03437,0.6458,0.04339,0.20737
Serbia,2015,87.0,5.123,0.92053,0.74836,0.02617,0.19231
Serbia,2018,78.0,5.398,0.975,0.685,0.043,0.134
Serbia,2019,70.0,5.603,1.004,0.854,0.039,0.137
Sierra Leone,2017,106.0,4.70900011062622,0.36842092871666,0.0055647538974881,0.0710951760411263,0.293040901422501
Sierra Leone,2016,111.0,4.635,0.36485,0.0,0.08196,0.23897
Sierra Leone,2015,123.0,4.507,0.33024,0.0,0.08786,0.21488
Sierra Leone,2019,129.0,4.374,0.268,0.242,0.045,0.252
Sierra Leone,2018,113.0,4.571,0.256,0.0,0.053,0.238
Singapore,2018,34.0,6.343,1.529,1.008,0.457,0.261
Singapore,2017,26.0,6.57200002670288,1.69227766990662,0.949492394924164,0.46430778503418,0.345965981483459
Singapore,2015,24.0,6.798,1.52186,1.02525,0.4921,0.31105
Singapore,2019,34.0,6.262,1.572,1.141,0.453,0.271
Singapore,2016,22.0,6.739,1.64555,0.94719,0.46987,0.32706
Slovakia,2019,38.0,6.198,1.246,0.881,0.014,0.121
Slovakia,2015,45.0,5.995,1.16891,0.78902,0.03431,0.16893
Slovakia,2017,40.0,6.09800004959106,1.32539355754852,0.712732911109924,0.0242108516395092,0.136544480919838
Slovakia,2016,45.0,6.078,1.27973,0.70367,0.02947,0.13837
Slovakia,2018,39.0,6.173,1.21,0.776,0.014,0.118
Slovenia,2016,63.0,5.768,1.29947,0.79151,0.03635,0.25738
Slovenia,2017,62.0,5.75799989700317,1.3412059545517,0.790828227996826,0.0451289787888527,0.242649093270302
Slovenia,2015,55.0,5.848,1.18498,0.87337,0.03787,0.25328
Slovenia,2019,44.0,6.118,1.258,0.953,0.057,0.144
Slovenia,2018,51.0,5.948,1.219,0.856,0.051,0.16
Somalia,2019,112.0,4.668,0.0,0.268,0.27,0.243
Somalia,2016,76.0,5.44,0.0,0.11466,0.3118,0.27225
Somalia,2018,98.0,4.982,0.0,0.115,0.282,0.238
Somalia,2017,93.0,5.15100002288818,0.0226431842893362,0.113989137113094,0.282410323619843,0.291631311178207
Somaliland Region,2016,97.0,5.057,0.25558,0.33108,0.36794,0.51479
Somaliland region,2015,91.0,5.057,0.18847,0.43873,0.39928,0.50318
South Africa,2015,113.0,4.642,0.92049,0.27688,0.08884,0.11973
South Africa,2017,101.0,4.8289999961853,1.05469870567322,0.187080070376396,0.0725094974040985,0.139362379908562
South Africa,2016,116.0,4.459,1.02416,0.18611,0.08415,0.13656
South Africa,2019,106.0,4.722,0.96,0.469,0.055,0.13
South Africa,2018,105.0,4.724,0.94,0.33,0.056,0.103
South Korea,2018,57.0,5.875,1.266,0.955,0.051,0.175
South Korea,2016,57.0,5.835,1.35948,0.88645,0.07716,0.18824
South Korea,2015,47.0,5.984,1.24461,0.96538,0.07857,0.18557
South Korea,2019,54.0,5.895,1.301,1.036,0.056,0.175
South Korea,2017,55.0,5.83799982070923,1.40167844295502,0.900214076042175,0.0632826685905457,0.206674367189407
South Sudan,2019,156.0,2.853,0.306,0.295,0.091,0.202
South Sudan,2017,147.0,3.59100008010864,0.39724862575531,0.163486003875732,0.116793513298035,0.285670816898346
South Sudan,2018,154.0,3.254,0.337,0.177,0.106,0.224
South Sudan,2016,143.0,3.832,0.39394,0.15781,0.13015,0.25899
Spain,2019,30.0,6.354,1.286,1.062,0.079,0.153
Spain,2017,34.0,6.40299987792969,1.38439786434174,0.888960599899292,0.0709140971302986,0.190133571624756
Spain,2016,37.0,6.361,1.34253,0.87896,0.06137,0.17665
Spain,2018,36.0,6.31,1.251,0.965,0.074,0.142
Spain,2015,36.0,6.329,1.23011,0.95562,0.06398,0.18227
Sri Lanka,2016,117.0,4.415,0.97318,0.62007,0.07964,0.46978
Sri Lanka,2015,132.0,4.271,0.83524,0.70806,0.09179,0.40828
Sri Lanka,2017,120.0,4.44000005722046,1.00985014438629,0.625130832195282,0.0736539661884308,0.490863561630249
Sri Lanka,2018,116.0,4.471,0.918,0.672,0.05,0.307
Sri Lanka,2019,130.0,4.366,0.949,0.831,0.047,0.244
Sudan,2015,118.0,4.55,0.52107,0.36878,0.1466,0.19062
Sudan,2017,130.0,4.13899993896484,0.65951669216156,0.290920823812485,0.089847519993782,0.182317450642586
Sudan,2018,137.0,4.139,0.605,0.312,0.082,0.134
Sudan,2016,133.0,4.139,0.63069,0.29759,0.10039,0.18077
Suriname,2015,40.0,6.269,0.99534,0.6082,0.13633,0.16991
Suriname,2016,40.0,6.269,1.09686,0.50933,0.12692,0.16665
Swaziland,2015,101.0,4.867,0.71206,0.07566,0.0306,0.18259
Swaziland,2019,135.0,4.212,0.811,0.0,0.135,0.074
Sweden,2017,9.0,7.28399991989136,1.49438726902008,0.830875158309937,0.384398728609085,0.385399252176285
Sweden,2016,10.0,7.291,1.45181,0.83121,0.40867,0.38254
Sweden,2015,8.0,7.364,1.33171,0.91087,0.43844,0.36262
Sweden,2018,9.0,7.314,1.355,0.913,0.383,0.285
Sweden,2019,7.0,7.343,1.387,1.009,0.373,0.267
Switzerland,2017,4.0,7.49399995803833,1.56497955322266,0.858131289482117,0.367007285356522,0.290549278259277
Switzerland,2016,2.0,7.509,1.52733,0.86303,0.41203,0.28083
Switzerland,2018,5.0,7.487,1.42,0.927,0.357,0.256
Switzerland,2015,1.0,7.587,1.39651,0.94143,0.41978,0.29678
Switzerland,2019,6.0,7.48,1.452,1.052,0.343,0.263
Syria,2018,150.0,3.462,0.689,0.539,0.144,0.376
Syria,2019,149.0,3.462,0.619,0.44,0.141,0.331
Syria,2016,156.0,3.069,0.74719,0.62994,0.17233,0.48397
Syria,2015,156.0,3.006,0.6632,0.72193,0.18906,0.47179
Syria,2017,152.0,3.46199989318848,0.777153134346008,0.50053334236145,0.151347130537033,0.493663728237152
Taiwan,2018,26.0,6.441,1.365,0.857,0.078,0.151
Taiwan,2016,34.0,6.379,1.39729,0.79565,0.0663,0.25495
Taiwan,2019,25.0,6.446,1.368,0.914,0.097,0.242
Taiwan,2015,38.0,6.298,1.29098,0.8753,0.08129,0.25376
Taiwan Province of China,2017,33.0,6.42199993133545,1.43362653255463,0.793984234333038,0.0638292357325554,0.258360475301743
Tajikistan,2015,106.0,4.786,0.39047,0.57379,0.15072,0.22974
Tajikistan,2016,100.0,4.996,0.48835,0.53119,0.13509,0.25998
Tajikistan,2017,96.0,5.04099988937378,0.524713635444641,0.529235124588013,0.146377146244049,0.248997643589973
Tajikistan,2018,88.0,5.199,0.474,0.598,0.034,0.187
Tajikistan,2019,74.0,5.467,0.493,0.718,0.144,0.23
Tanzania,2015,146.0,3.781,0.2852,0.38215,0.05747,0.34377
Tanzania,2016,149.0,3.666,0.47155,0.357,0.05099,0.31472
Tanzania,2017,153.0,3.34899997711182,0.511135876178741,0.364509284496307,0.0660351067781448,0.354256361722946
Tanzania,2019,153.0,3.231,0.476,0.499,0.147,0.276
Tanzania,2018,153.0,3.303,0.455,0.381,0.097,0.27
Thailand,2018,46.0,6.072,1.016,0.707,0.029,0.364
Thailand,2015,34.0,6.455,0.9669,0.7385,0.03187,0.5763
Thailand,2016,33.0,6.474,1.0893,0.64915,0.02833,0.58696
Thailand,2019,52.0,6.008,1.05,0.828,0.028,0.359
Thailand,2017,32.0,6.42399978637695,1.12786877155304,0.647239029407501,0.0316127352416515,0.572123110294342
Togo,2016,155.0,3.303,0.28123,0.24811,0.11587,0.17517
Togo,2018,139.0,3.999,0.259,0.253,0.101,0.158
Togo,2015,158.0,2.839,0.20868,0.28443,0.10731,0.16681
Togo,2017,150.0,3.49499988555908,0.305444717407227,0.247105568647385,0.0956650152802467,0.196896150708199
Togo,2019,139.0,4.085,0.275,0.41,0.085,0.177
Trinidad & Tobago,2019,39.0,6.192,1.231,0.713,0.016,0.185
Trinidad & Tobago,2018,38.0,6.192,1.223,0.564,0.019,0.171
Trinidad and Tobago,2017,38.0,6.16800022125244,1.36135590076447,0.519983291625977,0.0089648161083459,0.325296461582184
Trinidad and Tobago,2015,41.0,6.168,1.21183,0.61483,0.0114,0.31844
Trinidad and Tobago,2016,43.0,6.168,1.32572,0.52608,0.01241,0.31935
Tunisia,2019,124.0,4.461,0.921,0.815,0.055,0.059
Tunisia,2018,111.0,4.592,0.9,0.69,0.063,0.04
Tunisia,2015,107.0,4.739,0.88113,0.73793,0.06358,0.06431
Tunisia,2016,98.0,5.045,0.97724,0.59577,0.0817,0.03936
Tunisia,2017,102.0,4.80499982833862,1.00726580619812,0.613212049007416,0.0867231488227844,0.0496933571994305
Turkey,2016,78.0,5.389,1.16492,0.64718,0.12348,0.04707
Turkey,2015,76.0,5.332,1.06098,0.73172,0.15746,0.12253
Turkey,2018,74.0,5.483,1.148,0.686,0.109,0.106
Turkey,2019,79.0,5.373,1.183,0.808,0.106,0.083
Turkey,2017,69.0,5.5,1.19827437400818,0.637605607509613,0.0996715798974037,0.0466930419206619
Turkmenistan,2015,70.0,5.548,0.95847,0.53886,0.30844,0.16979
Turkmenistan,2016,65.0,5.658,1.08017,0.44006,0.28467,0.22567
Turkmenistan,2017,59.0,5.82200002670288,1.13077676296234,0.437726080417633,0.259270340204239,0.24992498755455
Turkmenistan,2018,68.0,5.636,1.016,0.517,0.037,0.199
Turkmenistan,2019,87.0,5.247,1.052,0.657,0.028,0.244
Uganda,2015,141.0,3.931,0.21102,0.33861,0.07267,0.29066
Uganda,2018,135.0,4.161,0.322,0.237,0.061,0.259
Uganda,2017,133.0,4.08099985122681,0.381430715322495,0.217632606625557,0.057069718837738,0.325766056776047
Uganda,2019,136.0,4.189,0.332,0.443,0.06,0.252
Uganda,2016,145.0,3.739,0.34719,0.19625,0.06442,0.27102
Ukraine,2015,111.0,4.681,0.79907,0.6739,0.02961,0.15275
Ukraine,2019,133.0,4.332,0.82,0.739,0.01,0.187
Ukraine,2018,138.0,4.103,0.793,0.609,0.011,0.187
Ukraine,2017,132.0,4.09600019454956,0.89465194940567,0.575903952121735,0.0230294708162546,0.270061463117599
Ukraine,2016,123.0,4.324,0.87287,0.58628,0.01829,0.20363
United Arab Emirates,2018,20.0,6.774,2.096,0.67,,0.186
United Arab Emirates,2017,21.0,6.64799976348877,1.62634336948395,0.726798236370087,0.324489563703537,0.3609419465065
United Arab Emirates,2016,28.0,6.573,1.57352,0.72993,0.35561,0.26591
United Arab Emirates,2015,20.0,6.901,1.42727,0.80925,0.38583,0.26428
United Arab Emirates,2019,21.0,6.825,1.503,0.825,0.182,0.262
United Kingdom,2019,15.0,7.054,1.333,0.996,0.278,0.348
United Kingdom,2016,23.0,6.725,1.40283,0.80991,0.27399,0.50156
United Kingdom,2017,19.0,6.71400022506714,1.44163393974304,0.805335938930511,0.265428066253662,0.492774158716202
United Kingdom,2018,11.0,7.19,1.244,0.888,0.082,0.262
United Kingdom,2015,21.0,6.867,1.26637,0.90943,0.32067,0.51912
United States,2015,15.0,7.119,1.39451,0.86179,0.1589,0.40105
United States,2016,13.0,7.104,1.50796,0.779,0.14868,0.41077
United States,2017,14.0,6.99300003051758,1.54625928401947,0.77428662776947,0.135638788342476,0.392578780651093
United States,2019,19.0,6.892,1.433,0.874,0.128,0.28
United States,2018,18.0,6.886,1.398,0.819,0.133,0.291
Uruguay,2015,32.0,6.485,1.06166,0.8116,0.24558,0.2324
Uruguay,2018,31.0,6.379,1.093,0.771,0.155,0.13
Uruguay,2017,28.0,6.4539999961853,1.21755969524384,0.719216823577881,0.178061872720718,0.175096929073334
Uruguay,2016,29.0,6.545,1.18157,0.72183,0.21394,0.18056
Uruguay,2019,33.0,6.293,1.124,0.891,0.15,0.127
Uzbekistan,2015,44.0,6.003,0.63244,0.59772,0.30826,0.22837
Uzbekistan,2017,47.0,5.97100019454956,0.786441087722778,0.498272627592087,0.246528223156929,0.415983647108078
Uzbekistan,2016,49.0,5.987,0.73591,0.50163,0.28333,0.34326
Uzbekistan,2018,44.0,6.096,0.719,0.605,0.259,0.328
Uzbekistan,2019,41.0,6.174,0.745,0.756,0.24,0.322
Venezuela,2017,82.0,5.25,1.12843120098114,0.617144227027893,0.0644911229610443,0.0650196298956871
Venezuela,2015,23.0,6.81,1.04424,0.72052,0.11069,0.05841
Venezuela,2016,44.0,6.084,1.13367,0.61904,0.08304,0.0425
Venezuela,2019,108.0,4.707,0.96,0.805,0.047,0.064
Venezuela,2018,102.0,4.806,0.996,0.657,0.052,0.056
Vietnam,2016,96.0,5.061,0.74037,0.66157,0.11556,0.25075
Vietnam,2019,94.0,5.175,0.741,0.851,0.073,0.147
Vietnam,2018,95.0,5.103,0.715,0.702,0.079,0.177
Vietnam,2015,75.0,5.36,0.63216,0.74676,0.10441,0.1686
Vietnam,2017,94.0,5.07399988174438,0.788547575473785,0.652168989181519,0.0876332372426987,0.234968051314354
Yemen,2017,146.0,3.59299993515015,0.591683447360992,0.310080915689468,0.0567674227058887,0.104125209152699
Yemen,2015,136.0,4.077,0.54649,0.40064,0.07854,0.09131
Yemen,2018,152.0,3.355,0.442,0.343,0.064,0.083
Yemen,2016,147.0,3.724,0.57939,0.31048,0.05892,0.09821
Yemen,2019,151.0,3.38,0.287,0.463,0.077,0.108
Zambia,2018,125.0,4.377,0.562,0.295,0.082,0.221
Zambia,2015,85.0,5.129,0.47038,0.29924,0.12468,0.19591
Zambia,2016,106.0,4.795,0.61202,0.23573,0.11479,0.17866
Zambia,2017,116.0,4.51399993896484,0.636406779289246,0.257835894823074,0.0782135501503944,0.249580144882202
Zambia,2019,138.0,4.107,0.578,0.426,0.087,0.247
Zimbabwe,2018,144.0,3.692,0.357,0.248,0.099,0.132
Zimbabwe,2019,146.0,3.663,0.366,0.433,0.089,0.151
Zimbabwe,2015,115.0,4.61,0.271,0.33475,0.08079,0.18987
Zimbabwe,2016,131.0,4.193,0.35041,0.1595,0.08582,0.18503
Zimbabwe,2017,138.0,3.875,0.375846534967422,0.196763753890991,0.0953753814101219,0.189143493771553
