Country Name,Country Code,Series Name,Series Code,2002 [YR2002],2003 [YR2003],2004 [YR2004],2005 [YR2005],2006 [YR2006],2007 [YR2007],2008 [YR2008],2009 [YR2009],2010 [YR2010],2011 [YR2011],2012 [YR2012],2013 [YR2013],2014 [YR2014],2015 [YR2015],2016 [YR2016],2017 [YR2017],2018 [YR2018],2019 [YR2019],2020 [YR2020],2021 [YR2021],2022 [YR2022]
Afghanistan,AFG,"International tourism, number of arrivals",ST.INT.ARVL,..,..,..,..,..,..,..,..,..,..,..,..,..,..,..,..,..,..,..,..,..
Albania,ALB,"International tourism, number of arrivals",ST.INT.ARVL,470000,557000,645000,748000,937000,1127000,1420000,1856000,2417000,2932000,3514000,3256000,3673000,4131000,4736000,5118000,5927000,6406000,2658000,..,..
Algeria,DZA,"International tourism, number of arrivals",ST.INT.ARVL,988000,1166000,1234000,1443000,1638000,1743000,1772000,1912000,2070000,2395000,2634000,2733000,2301000,1710000,2039000,2451000,2657000,2371000,591000,..,..
American Samoa,ASM,"International tourism, number of arrivals",ST.INT.ARVL,..,..,..,24500,25299.9992370605,24100.0003814697,24299.9992370605,23500,23100.0003814697,22600.0003814697,22600.0003814697,20799.9992370605,21600.0003814697,20299.9992370605,20100.0003814697,20000,20200.0007629395,19200.0007629395,899.999976158142,..,..
Andorra,AND,"International tourism, number of arrivals",ST.INT.ARVL,11507000,11601000,11668000,11049000,10737000,10743000,10194000,9112000,8551000,7983000,7900000,7676000,7797000,7850000,8025000,8152000,8328000,8235000,5207000,..,..
Angola,AGO,"International tourism, number of arrivals",ST.INT.ARVL,91000,107000,194000,210000,121000,195000,294000,366000,425000,481000,528000,650000,595000,592000,397000,261000,218000,218000,..,..,..
Antigua and Barbuda,ATG,"International tourism, number of arrivals",ST.INT.ARVL,528000,623000,769000,712000,838000,935000,863000,944000,788000,848000,819000,777000,771000,894000,874000,1040000,1064000,1035000,384500,..,..
Argentina,ARG,"International tourism, number of arrivals",ST.INT.ARVL,2820000,2995000,3457000,3823000,4173000,4562000,4700000,4308000,6800000,6703000,6497000,6510000,7165000,6816000,6668000,6711000,6942000,7399000,..,..,..
Armenia,ARM,"International tourism, number of arrivals",ST.INT.ARVL,162000,206000,263000,319000,382000,511000,558000,575000,684000,758000,963000,1084000,1204000,1192000,1260000,1495000,1652000,1894000,375000,..,..
Aruba,ABW,"International tourism, number of arrivals",ST.INT.ARVL,1225000,1184000,1304000,1286000,1285000,1254000,1383000,1420000,1394000,1469000,1481000,1667000,1739000,1832000,1758000,1863000,1897000,1951000,..,..,..
Australia,AUS,"International tourism, number of arrivals",ST.INT.ARVL,4841000,4746000,5215000,5499000,5532000,5644000,5586000,5490000,5790000,5771000,6032000,6482000,6922000,7449000,8269000,8815000,9246000,9466000,1828000,..,..
Austria,AUT,"International tourism, number of arrivals",ST.INT.ARVL,18611000,19078000,19374000,19952000,20269000,20773000,21935000,21355000,22004000,23012000,24151000,24813000,25291000,26728000,28121000,29460000,30816000,31884000,15091000,..,..
Azerbaijan,AZE,"International tourism, number of arrivals",ST.INT.ARVL,834000,1038000,1279000,1177000,1194000,1333000,1899000,1830000,1963000,2239000,2484000,2509000,2298000,2006000,2249000,2697000,2850000,3170000,796000,..,..
"Bahamas, The",BHS,"International tourism, number of arrivals",ST.INT.ARVL,4406000,4594000,5004000,4779000,4731000,4601000,4394000,4645000,5255000,5588000,5940000,6151000,6320000,6112000,6265000,6136000,6622000,7250000,1794500,..,..
Bahrain,BHR,"International tourism, number of arrivals",ST.INT.ARVL,4831000,4844000,5667000,6313000,7289000,7833000,8631000,8861000,11952000,6732000,8062000,9163000,10452000,9670000,10158000,11374000,12045000,11061000,1909000,..,..
Bangladesh,BGD,"International tourism, number of arrivals",ST.INT.ARVL,207000,245000,271000,208000,200000,289000,467000,267000,139000,157000,160000,104000,134000,126000,182000,237000,267000,323000,..,..,..
Barbados,BRB,"International tourism, number of arrivals",ST.INT.ARVL,1021000,1090000,1273000,1111000,1102000,1191000,1165000,1154000,1197000,1187000,1053000,1079000,1079000,1179000,1227000,1345000,1356000,966000,..,..,..
Belarus,BLR,"International tourism, number of arrivals",ST.INT.ARVL,1907000,1729000,1816000,4738000,5276000,5283000,5262000,4872000,5674000,5877000,6130000,6242000,5375000,4386000,10935000,11060000,11502000,11832000,3598000,..,..
Belgium,BEL,"International tourism, number of arrivals",ST.INT.ARVL,6720000,6690000,6710000,6747000,6995000,7045000,7165000,6815000,7186000,7494000,7560000,7684000,7887000,8355000,7481000,8385000,9119000,9343000,2584000,..,..
Belize,BLZ,"International tourism, number of arrivals",ST.INT.ARVL,694000,999000,1329000,1037000,903000,880000,846000,941000,1054000,1106000,1028000,1022000,1289000,1299000,1391000,1441000,1697000,1674000,487000,..,..
Benin,BEN,"International tourism, number of arrivals",ST.INT.ARVL,853000,850000,845000,960000,975000,1010000,1027000,..,..,222000,232000,252000,265000,279000,292000,307000,322000,337000,..,..,..
Bermuda,BMU,"International tourism, number of arrivals",ST.INT.ARVL,484000,483000,478000,517000,635000,660000,550000,554000,580000,652000,610000,576000,580000,597000,642000,688000,766000,805000,51400.0015258789,..,..
Bhutan,BTN,"International tourism, number of arrivals",ST.INT.ARVL,5599.99990463257,6300.00019073486,9199.99980926514,13600.0003814697,17299.9992370605,21000,28000,23000,41000,66000,105000,116000,133000,155000,210000,255000,274000,316000,29799.9992370605,..,..
Bolivia,BOL,"International tourism, number of arrivals",ST.INT.ARVL,334000,427000,480000,524000,521000,573000,594000,599000,679000,711000,798000,798000,871000,882000,961000,1109000,1142000,1239000,323299.987792969,..,..
Bosnia and Herzegovina,BIH,"International tourism, number of arrivals",ST.INT.ARVL,160000,165000,190000,217000,256000,306000,322000,311000,365000,392000,439000,529000,536000,678000,778000,923000,1053000,1198000,197000,..,..
Botswana,BWA,"International tourism, number of arrivals",ST.INT.ARVL,1485000,1592000,1727000,1684000,1642000,1965000,2344000,..,..,..,..,..,..,1660000,1712000,1775000,1830000,..,..,..,..
Brazil,BRA,"International tourism, number of arrivals",ST.INT.ARVL,3785000,4133000,4794000,5358000,5017000,5026000,5050000,4802000,5161000,5433000,5677000,5813000,6430000,6306000,6547000,6589000,6621000,6353000,..,..,..
British Virgin Islands,VGB,"International tourism, number of arrivals",ST.INT.ARVL,282000,278000,304000,337000,356000,358000,346000,309000,330000,338000,351000,366000,386000,393000,408000,335000,192000,302399.993896484,83000,..,..
Brunei Darussalam,BRN,"International tourism, number of arrivals",ST.INT.ARVL,891000,944000,..,815000,836000,877000,..,..,..,..,..,..,..,..,4257000,4316000,4521000,4449000,1071000,..,..
Bulgaria,BGR,"International tourism, number of arrivals",ST.INT.ARVL,5563000,6241000,6982000,7282000,7499000,7726000,8533000,7873000,8374000,8713000,8867000,9192000,9409000,9317000,10604000,11596000,12368000,12552000,4973000,..,..
Burkina Faso,BFA,"International tourism, number of arrivals",ST.INT.ARVL,150000,163000,222000,245000,264000,289000,272000,269000,274000,238000,237000,218000,191000,163000,152000,143000,144000,143000,67000,..,..
Burundi,BDI,"International tourism, number of arrivals",ST.INT.ARVL,74000,74000,133000,148000,214000,192000,202000,212000,142000,144000,147000,234000,235000,131000,187000,299000,..,..,..,..,..
Cabo Verde,CPV,"International tourism, number of arrivals",ST.INT.ARVL,126000,150000,157000,198000,242000,267000,285000,287000,336000,428000,482000,503000,494000,520000,598000,668000,710000,758000,180000,..,..
Cambodia,KHM,"International tourism, number of arrivals",ST.INT.ARVL,787000,701000,1055000,1422000,1700000,2015000,2125000,2162000,2508000,2882000,3584000,4210000,4503000,4775000,5012000,5602000,6201000,6611000,1306000,..,..
Cameroon,CMR,"International tourism, number of arrivals",ST.INT.ARVL,..,..,..,..,451000,477000,487000,498000,573000,604000,817000,783000,822000,897000,994000,1081000,997000,1021000,..,..,..
Canada,CAN,"International tourism, number of arrivals",ST.INT.ARVL,44896000,38903000,38845000,36160000,33390000,30373000,27370000,24696000,25621000,25066000,25318000,25167000,25558000,27555000,30142000,31081000,31274000,32430000,..,..,..
Cayman Islands,CYM,"International tourism, number of arrivals",ST.INT.ARVL,1878000,2113000,1953000,1967000,2197000,2008000,1856000,1792000,1886000,1710000,1829000,1721000,1993000,2102000,2097000,2147000,2384000,2334000,660000,..,..
Central African Republic,CAF,"International tourism, number of arrivals",ST.INT.ARVL,2900.00009536743,5699.99980926514,8199.99980926514,12000,13800.0001907349,17100.0003814697,30600.0003814697,52400.0015258789,53799.9992370605,65400.0015258789,70800.0030517578,83500,95699.9969482422,120500,82000,107000,109000,87000,..,..,..
Chad,TCD,"International tourism, number of arrivals",ST.INT.ARVL,32000,21000,26000,29000,46000,77000,61000,70000,71000,77000,86000,97000,119000,120000,98000,87000,63000,81000,10399.9996185303,..,..
Channel Islands,CHI,"International tourism, number of arrivals",ST.INT.ARVL,..,..,..,..,..,..,..,..,..,..,..,..,..,..,..,..,..,..,..,..,..
Chile,CHL,"International tourism, number of arrivals",ST.INT.ARVL,..,..,..,..,..,..,3713000,3657000,3584000,3963000,4397000,4457000,4601000,5487000,6712000,7621000,6603000,5431000,..,..,..
China,CHN,"International tourism, number of arrivals",ST.INT.ARVL,97908000,91662000,109038000,120292000,124942000,131873000,130027000,126476000,133762000,135423000,132405000,129078000,128499000,133820000,141774000,153260000,158606000,162538000,30402000,..,..
Colombia,COL,"International tourism, number of arrivals",ST.INT.ARVL,661000,668000,840000,981000,2096000,2381000,2545000,2649000,1701000,2356000,2434000,2595000,2866000,3371000,3675000,4056000,4397000,4531000,1396000,..,..
Comoros,COM,"International tourism, number of arrivals",ST.INT.ARVL,18899.9996185303,20600.0003814697,23299.9992370605,25899.9996185303,28500,15199.9998092651,14800.0001907349,11300.0001907349,15300.0001907349,18799.9992370605,22799.9992370605,21899.9996185303,22799.9992370605,23600.0003814697,26799.9992370605,28000,35900.0015258789,45099.9984741211,7000,..,..
"Congo, Dem. Rep.",COD,"International tourism, number of arrivals",ST.INT.ARVL,28000,35000,36000,61000,55000,47000,50000,53000,81000,186000,167000,191000,334000,354000,351000,..,..,..,..,..,..
"Congo, Rep.",COG,"International tourism, number of arrivals",ST.INT.ARVL,..,..,..,..,..,..,..,..,199000,224000,259000,345000,229000,224000,213000,151000,158000,..,..,..,..
Costa Rica,CRI,"International tourism, number of arrivals",ST.INT.ARVL,1335000,1514000,1771000,1959000,2071000,2302000,2409000,2309000,2495000,2526000,2542000,2641000,2760000,2899000,3204000,3231000,3313000,3366000,1146500,..,..
Cote d'Ivoire,CIV,"International tourism, number of arrivals",ST.INT.ARVL,..,..,..,..,..,182000,205000,231000,252000,270000,289000,380000,471000,1441000,1583000,1800000,1965000,2070000,668000,..,..
Croatia,HRV,"International tourism, number of arrivals",ST.INT.ARVL,41737000,42857000,44974000,45762000,47733000,52271000,51336000,47573000,49006000,49969000,47185000,48345000,51168000,55858000,57587000,59238000,57668000,60021000,21608000,..,..
Cuba,CUB,"International tourism, number of arrivals",ST.INT.ARVL,1686000,1906000,2049000,2319000,2221000,2152000,2348000,2430000,2532000,2716000,2847000,2862000,3014000,3540000,4009000,4654000,4712000,4276000,1086000,..,..
Curacao,CUW,"International tourism, number of arrivals",ST.INT.ARVL,545000,508000,452000,510000,572000,664000,773000,808000,762000,837000,908000,1071000,1129000,1072000,944000,1058000,1210000,1293000,..,..,..
Cyprus,CYP,"International tourism, number of arrivals",ST.INT.ARVL,2495000,2416000,2478000,2657000,2629000,2671000,2631000,2370000,2450000,2626000,2635000,2626000,2558000,2780000,3286000,3750000,4024000,4117000,..,..,..
Czechia,CZE,"International tourism, number of arrivals",ST.INT.ARVL,..,20108000,23808000,24747000,25102000,22625000,21850000,23285000,21941000,22810000,25750000,26332000,27166000,29604000,32519000,34701000,36268000,37202000,..,..,..
Denmark,DNK,"International tourism, number of arrivals",ST.INT.ARVL,..,21119000,22054000,26927000,26936000,27138000,26870000,26571000,26730000,25811000,26402000,26516000,28070000,28209000,28692000,30736000,30801000,33093000,15595000,..,..
Djibouti,DJI,"International tourism, number of arrivals",ST.INT.ARVL,22500,23200.0007629395,26299.9992370605,30200.0007629395,39500,40000,54000,58000,51000,56000,60000,63000,..,..,..,..,..,..,..,..,..
Dominica,DMA,"International tourism, number of arrivals",ST.INT.ARVL,208000,254000,466000,381000,465000,437000,468000,608000,595000,418000,348000,311000,370000,358000,356000,230000,199000,322000,140000,..,..
Dominican Republic,DOM,"International tourism, number of arrivals",ST.INT.ARVL,3058000,3680000,3907000,3981000,4268000,4365000,4455000,4489000,4478000,4654000,4901000,5114000,5576000,6129000,6769000,7296000,7551000,7550000,2748000,..,..
Ecuador,ECU,"International tourism, number of arrivals",ST.INT.ARVL,683000,761000,819000,860000,841000,937000,1005000,968000,1047000,1141000,1272000,1364000,1695000,1676000,1569000,1806000,2535000,2108000,..,..,..
"Egypt, Arab Rep.",EGY,"International tourism, number of arrivals",ST.INT.ARVL,5192000,6044000,8104000,8608000,9083000,11091000,12835000,12536000,14731000,9845000,11532000,9464000,9878000,9328000,5399000,8292000,11346000,13026000,..,..,..
El Salvador,SLV,"International tourism, number of arrivals",ST.INT.ARVL,885000,798000,1030000,1306000,1501000,1720000,1875000,1482000,1606000,1634000,1738000,1822000,1886000,1973000,2052000,2247000,2536000,2639000,707000,..,..
Equatorial Guinea,GNQ,"International tourism, number of arrivals",ST.INT.ARVL,..,..,..,..,..,..,..,..,..,..,..,..,..,..,..,..,..,..,..,..,..
Eritrea,ERI,"International tourism, number of arrivals",ST.INT.ARVL,101000,80000,87000,83000,78000,81000,70000,79000,84000,107000,129000,141000,119000,114000,142000,..,..,..,..,..,..
Estonia,EST,"International tourism, number of arrivals",ST.INT.ARVL,3253000,3378000,..,..,..,..,3828000,3834000,4369000,4907000,5007000,5737000,5804000,5696000,5942000,6145000,6033000,6103000,1695000,..,..
Eswatini,SWZ,"International tourism, number of arrivals",ST.INT.ARVL,1371000,1543000,..,1182000,1200000,1230000,1186000,1344000,1343000,1328000,1278000,1299000,1325000,1256000,1279000,1343000,1277000,1226000,345299.987792969,..,..
Ethiopia,ETH,"International tourism, number of arrivals",ST.INT.ARVL,156000,180000,184000,227000,330000,358000,383000,427000,468000,523000,597000,681000,770000,864000,871000,933000,849000,812000,518000,..,..
Faroe Islands,FRO,"International tourism, number of arrivals",ST.INT.ARVL,..,..,..,..,..,..,..,..,..,..,..,..,..,..,..,..,..,..,..,..,..
Fiji,FJI,"International tourism, number of arrivals",ST.INT.ARVL,461000,451000,513000,547000,..,542000,627000,605000,692000,734000,741000,769000,781000,869000,963000,1027000,1058000,969000,168000,..,..
Finland,FIN,"International tourism, number of arrivals",ST.INT.ARVL,2875000,2601000,2840000,3140000,3375000,3519000,3583000,3423000,3670000,4192000,4226000,2797000,2731000,2622000,2789000,3180000,3224000,3290000,896000,..,..
France,FRA,"International tourism, number of arrivals",ST.INT.ARVL,..,..,190282000,185829000,193882000,193319000,193571000,192369000,189826000,196595000,197522000,204410000,206599000,203302000,203042000,207274000,211998000,217877000,117109000,..,..
French Polynesia,PYF,"International tourism, number of arrivals",ST.INT.ARVL,..,..,..,..,..,243000,227000,190000,179000,196000,210000,214000,228000,239000,241000,254000,264000,300000,89400.0015258789,..,..
Gabon,GAB,"International tourism, number of arrivals",ST.INT.ARVL,269000,234000,351000,526000,..,..,..,..,..,..,..,..,..,..,..,..,..,..,..,..,..
"Gambia, The",GMB,"International tourism, number of arrivals",ST.INT.ARVL,81000,89000,90000,108000,125000,143000,147000,142000,91000,106000,157000,171000,156000,449000,450000,522000,552000,620000,246000,..,..
Georgia,GEO,"International tourism, number of arrivals",ST.INT.ARVL,298000,313000,368000,560000,983000,1052000,1290000,1500000,2032000,2712000,4106000,4954000,5004000,5256000,5393000,6483000,7203000,7726000,1513000,..,..
Germany,DEU,"International tourism, number of arrivals",ST.INT.ARVL,17969000,18399000,20137000,21500000,23569000,24421000,24884000,24220000,26875000,28374000,30411000,31545000,32999000,34970000,35555000,37452000,38881000,39563000,12449000,..,..
Ghana,GHA,"International tourism, number of arrivals",ST.INT.ARVL,483000,531000,584000,429000,497000,587000,698000,803000,931000,821000,903000,994000,825000,897000,..,..,..,..,..,..,..
Gibraltar,GIB,"International tourism, number of arrivals",ST.INT.ARVL,..,..,..,..,..,..,..,..,..,..,..,..,..,..,..,..,..,..,..,..,..
Greece,GRC,"International tourism, number of arrivals",ST.INT.ARVL,14918000,14785000,14268000,15938000,17284000,..,..,..,..,..,..,20112000,24272000,26114000,28071000,30161000,33072000,34005000,7406000,..,..
Greenland,GRL,"International tourism, number of arrivals",ST.INT.ARVL,..,..,..,..,..,..,..,..,..,..,..,..,..,..,..,..,..,..,..,..,..
Grenada,GRD,"International tourism, number of arrivals",ST.INT.ARVL,271000,294000,370000,380000,342000,406000,428000,460000,445000,447000,370000,327000,387000,437000,474000,468000,529000,526000,217000,..,..
Guam,GUM,"International tourism, number of arrivals",ST.INT.ARVL,1059000,910000,1160000,1228000,1212000,1225000,1142000,1053000,1197000,1160000,1308000,1334000,1343000,1409000,1536000,1545000,1549000,1667000,328000,..,..
Guatemala,GTM,"International tourism, number of arrivals",ST.INT.ARVL,884000,880000,1182000,1316000,1502000,1628000,1715000,1311000,1384000,1434000,1491000,1516000,1739000,1865000,1906000,2120000,2406000,2560000,594000,..,..
Guinea,GIN,"International tourism, number of arrivals",ST.INT.ARVL,43000,44000,45000,45000,46099.9984741211,30000,24000,..,12399.9996185303,131000,96000,56000,33000,35000,63000,99000,..,..,..,..,..
Guinea-Bissau,GNB,"International tourism, number of arrivals",ST.INT.ARVL,..,..,..,5000,11600.0003814697,15600.0003814697,18000,16000,22299.9992370605,36700.0007629395,35400.0015258789,35500,36099.9984741211,43799.9992370605,45200.0007629395,49500,55000,52400.0015258789,..,..,..
Guyana,GUY,"International tourism, number of arrivals",ST.INT.ARVL,104000,101000,122000,117000,113000,134000,130000,141000,152000,157000,177000,200000,206000,207000,235000,247000,287000,315000,86400.0015258789,..,..
Haiti,HTI,"International tourism, number of arrivals",ST.INT.ARVL,482000,518000,385000,480000,558000,868000,758000,826000,793000,946000,959000,1064000,1127599.97558594,1190000,1153000,1262000,1333000,938000,..,..,..
Honduras,HND,"International tourism, number of arrivals",ST.INT.ARVL,788000,887000,1026000,1118000,1136000,1309000,1561000,1589000,1965000,1852000,1903000,1857000,2082000,2093000,2228000,2144000,2323000,2315000,669000,..,..
"Hong Kong SAR, China",HKG,"International tourism, number of arrivals",ST.INT.ARVL,16566000,15537000,21811000,23359000,25251000,28169000,29507000,29591000,36030000,41921000,48615000,54299000,60839000,59308000,56655000,58472000,65148000,55913000,3569000,..,..
Hungary,HUN,"International tourism, number of arrivals",ST.INT.ARVL,31739000,31412000,33934000,36173000,38318000,39379000,39554000,40624000,39904000,41304000,43565000,43611000,45984000,48345000,52890000,54962000,57667000,61397000,31641000,..,..
Iceland,ISL,"International tourism, number of arrivals",ST.INT.ARVL,315000,348000,405000,429000,477000,539000,561000,563000,559000,628000,765000,900000,1102000,1389000,1891000,2353000,2488000,2202000,488000,..,..
India,IND,"International tourism, number of arrivals",ST.INT.ARVL,2384000,2726000,3457000,3919000,4447000,5082000,5283000,5168000,5776000,6309000,6578000,6968000,13107000,13284000,14570000,15543000,17423000,17914000,..,..,..
Indonesia,IDN,"International tourism, number of arrivals",ST.INT.ARVL,5033000,4467000,5321000,5002000,4871000,5506000,6234000,6324000,7003000,7650000,8044000,8802000,9435000,10407000,11519000,14040000,15810000,16107000,4053000,..,..
"Iran, Islamic Rep.",IRN,"International tourism, number of arrivals",ST.INT.ARVL,1585000,1546000,1659000,1889000,2735000,2219000,2034000,2116000,2938000,3354000,3834000,4769000,4968000,5237000,4942000,4867000,7295000,9107000,1550000,..,..
Iraq,IRQ,"International tourism, number of arrivals",ST.INT.ARVL,..,..,..,..,..,..,864000,1262000,1518000,1510000,1111000,892000,..,..,..,..,..,..,..,..,..
Ireland,IRL,"International tourism, number of arrivals",ST.INT.ARVL,6476000,6764000,6953000,7333000,8001000,8332000,8026000,7189000,7134000,7630000,7550000,8260000,8813000,9528000,10100000,10338000,10926000,10951000,..,..,..
Isle of Man,IMN,"International tourism, number of arrivals",ST.INT.ARVL,..,..,..,..,..,..,..,..,..,..,..,..,..,..,..,..,..,..,..,..,..
Israel,ISR,"International tourism, number of arrivals",ST.INT.ARVL,862099.975585938,..,1505800.04882813,1916000,1834000,2294000,3034000,2740000,3444000,3362000,3520000,3540000,3251000,3109000,3070000,3863000,4389000,4905000,..,..,..
Italy,ITA,"International tourism, number of arrivals",ST.INT.ARVL,63561000,63026000,58480000,59230000,66353000,70271000,70719000,71692000,73225000,75866000,76293000,76762000,77694000,81068000,84925000,89931000,93228601.5625,95399000,38419000,..,..
Jamaica,JAM,"International tourism, number of arrivals",ST.INT.ARVL,2131000,2483000,2515000,2615000,3016000,2880000,2859000,2753000,2832000,3077000,3306000,3274000,3504000,3692000,3837000,4276000,4319000,4233000,1329699.95117188,..,..
Japan,JPN,"International tourism, number of arrivals",ST.INT.ARVL,5239000,5212000,6138000,6728000,7334000,8347000,8351000,6790000,8611000,6219000,8358000,10364000,13413000,19737000,24039000,28691000,31191000,31881000,4115799.8046875,..,..
Jordan,JOR,"International tourism, number of arrivals",ST.INT.ARVL,4677000,4600000,5587000,5817000,6573000,6529000,7100000,7085000,8078000,6813000,6314000,5389000,5327000,4809000,4236000,4565000,4922000,5361000,1240000,..,..
Kazakhstan,KAZ,"International tourism, number of arrivals",ST.INT.ARVL,3678000,3237000,4291000,4365000,4707000,5311000,4117000,3774000,4097000,5685000,6163000,6841000,6333000,6430000,6509000,7701000,8789000,8515000,2035000,..,..
Kenya,KEN,"International tourism, number of arrivals",ST.INT.ARVL,1001000,1146000,1361000,1479000,1601000,1817000,1203000,1490000,1609000,1823000,1711000,1520000,1350000,1181000,1340000,1449000,2025000,2049000,..,..,..
Kiribati,KIR,"International tourism, number of arrivals",ST.INT.ARVL,119500,130100.006103516,63900.0015258789,50200.0007629395,10800.0001907349,32299.9992370605,..,..,..,..,..,..,8300.00019073486,8199.99980926514,7599.99990463257,7500,9000,12000,..,..,..
"Korea, Dem. People's Rep.",PRK,"International tourism, number of arrivals",ST.INT.ARVL,..,..,..,..,..,..,..,..,..,..,..,..,..,..,..,..,..,..,..,..,..
"Korea, Rep.",KOR,"International tourism, number of arrivals",ST.INT.ARVL,5347000,4753000,5818000,6023000,6155000,6448000,6891000,7818000,8798000,9795000,11140000,12176000,14202000,13232000,17242000,13336000,15347000,17503000,2519000,..,..
Kosovo,XKX,"International tourism, number of arrivals",ST.INT.ARVL,..,..,..,..,..,..,..,..,..,..,..,..,..,..,..,..,..,..,..,..,..
Kuwait,KWT,"International tourism, number of arrivals",ST.INT.ARVL,2316000,2602000,3056000,3474000,3899000,4482000,4736000,5088000,5208000,5574000,5729000,6217000,6528000,6941000,7055000,7407000,8508000,8565000,2161000,..,..
Kyrgyz Republic,KGZ,"International tourism, number of arrivals",ST.INT.ARVL,183000,342000,398000,319000,766000,1656000,2379000,2451000,1224000,3025000,3393000,4134000,3791000,4000000,3853000,4568000,6947000,8508000,..,..,..
Lao PDR,LAO,"International tourism, number of arrivals",ST.INT.ARVL,736000,636000,895000,1095000,1215000,1624000,1737000,2008000,2513000,2724000,3330000,3779000,4159000,4684000,4239000,3869000,4186000,4791000,886400.024414063,..,..
Latvia,LVA,"International tourism, number of arrivals",ST.INT.ARVL,2297000,2524000,3127000,3791000,4649000,5209000,5496000,4727000,5042000,5538000,5569000,5822000,6246000,6842000,6797000,7726000,7775000,8342000,3204000,..,..
Lebanon,LBN,"International tourism, number of arrivals",ST.INT.ARVL,956000,1016000,1278000,1140000,1063000,1017000,1333000,1844000,2168000,1655000,1366000,1274000,1355000,1518000,1688000,1857000,1964000,1936000,..,..,..
Lesotho,LSO,"International tourism, number of arrivals",ST.INT.ARVL,287000,329000,304000,304000,357000,300000,293000,344000,426000,398000,423000,433000,1079000,1082000,1196000,1137000,1173000,1142000,..,..,..
Liberia,LBR,"International tourism, number of arrivals",ST.INT.ARVL,..,..,..,..,..,..,..,..,..,..,..,..,..,..,..,..,..,..,..,..,..
Libya,LBY,"International tourism, number of arrivals",ST.INT.ARVL,858000,958000,..,..,125000,106000,760000,..,..,..,..,..,..,..,..,..,..,..,..,..,..
Liechtenstein,LIE,"International tourism, number of arrivals",ST.INT.ARVL,48700.0007629395,49000,48500,49799.9992370605,54900.0015258789,72800.0030517578,72900.0015258789,66500,64300.0030517578,67000,62400.0015258789,59599.9984741211,61299.9992370605,56700.0007629395,69099.9984741211,79300.0030517578,85300.0030517578,98099.9984741211,58400.0015258789,..,..
Lithuania,LTU,"International tourism, number of arrivals",ST.INT.ARVL,3999000,3635000,..,..,..,4251000,4459000,4001000,4073000,4504000,4979000,5264000,5217000,5048000,5322000,5590000,6115000,6150000,2284000,..,..
Luxembourg,LUX,"International tourism, number of arrivals",ST.INT.ARVL,885000,867000,878000,913000,908000,914000,877000,847000,805000,874000,950000,945000,1038000,1090000,1054000,1046000,1018000,1041000,525000,..,..
"Macao SAR, China",MAC,"International tourism, number of arrivals",ST.INT.ARVL,11531000,11888000,16673000,18711000,21998000,27003000,22933000,21753000,24965000,28002000,28082000,29325000,31526000,30715000,30950000,32611000,35804000,39406000,5897000,..,..
Madagascar,MDG,"International tourism, number of arrivals",ST.INT.ARVL,..,..,..,..,..,..,..,..,..,..,..,..,..,282000,333000,285000,360000,486000,87099.9984741211,..,..
Malawi,MWI,"International tourism, number of arrivals",ST.INT.ARVL,383000,424000,427000,438000,638000,735000,742000,755000,746000,767000,770000,795000,819000,805000,849000,837000,871000,..,..,..,..
Malaysia,MYS,"International tourism, number of arrivals",ST.INT.ARVL,13292000,10577000,15703000,16431000,17547000,20973000,22052000,23646000,24577000,24714000,25033000,25715000,27437000,25721000,26757000,25948000,25832000,26101000,4333000,..,..
Maldives,MDV,"International tourism, number of arrivals",ST.INT.ARVL,485000,564000,617000,395000,602000,676000,683000,656000,792000,931000,958000,1125000,1205000,1234000,1286000,1390000,1484000,1703000,555000,..,..
Mali,MLI,"International tourism, number of arrivals",ST.INT.ARVL,96000,110000,113000,143000,153000,164000,190000,160000,169000,160000,134000,142000,168000,159000,173000,193000,203000,217000,..,..,..
Malta,MLT,"International tourism, number of arrivals",ST.INT.ARVL,1483000,1512000,1428000,1484000,1521000,1723000,1832000,1608000,1815000,1916000,2007000,2013000,2162000,2383000,2592000,2944000,3232000,3519000,718000,..,..
Marshall Islands,MHL,"International tourism, number of arrivals",ST.INT.ARVL,6000,7199.99980926514,9000,9199.99980926514,5800.00019073486,7199.99980926514,6000,5400.00009536743,4599.99990463257,4599.99990463257,4599.99990463257,..,4900.00009536743,6300.00019073486,5400.00009536743,6000,6800.00019073486,6099.99990463257,..,..,..
Mauritania,MRT,"International tourism, number of arrivals",ST.INT.ARVL,..,..,..,..,..,..,..,..,..,..,..,..,..,..,..,..,..,..,..,..,..
Mauritius,MUS,"International tourism, number of arrivals",ST.INT.ARVL,709000,721000,739000,782000,807000,933000,970000,890000,956000,983000,984000,1015000,1065000,1174000,1307000,1371000,1431000,1418000,316000,..,..
Mexico,MEX,"International tourism, number of arrivals",ST.INT.ARVL,100153000,92330000,99250000,103146000,97701000,93582000,92948000,88044000,81953000,75732000,76749000,78100000,81042000,87129000,94853000,99349000,96497000,97406000,51128000,..,..
"Micronesia, Fed. Sts.",FSM,"International tourism, number of arrivals",ST.INT.ARVL,19100.0003814697,18200.0007629395,19299.9992370605,19000,19100.0003814697,21100.0003814697,25700.0007629395,47500,44700.0007629395,35400.0015258789,38299.9992370605,42099.9984741211,35400.0015258789,31200.0007629395,29600.0003814697,..,19200.0007629395,18000,..,..,..
Moldova,MDA,"International tourism, number of arrivals",ST.INT.ARVL,18000,21000,69000,67000,63000,70000,73000,60000,64000,75000,89000,95599.9984741211,93900.0015258789,94400.0015258789,121000,145000,160000,174000,29000,..,..
Monaco,MCO,"International tourism, number of arrivals",ST.INT.ARVL,263000,235000,250000,286000,313000,328000,324000,265000,279000,295000,292000,328000,329000,331000,336000,355000,347000,363000,159000,..,..
Mongolia,MNG,"International tourism, number of arrivals",ST.INT.ARVL,235000,205000,305000,345000,408000,455000,469000,465000,557000,627000,624000,515000,506000,467000,471000,543000,598000,637000,66900.0015258789,..,..
Montenegro,MNE,"International tourism, number of arrivals",ST.INT.ARVL,136000,142000,188000,272000,378000,984000,1031000,1044000,1088000,1201000,1264000,1324000,1350000,1560000,1662000,1877000,2077000,2510000,351000,..,..
Morocco,MAR,"International tourism, number of arrivals",ST.INT.ARVL,4709000,5021000,5732000,6077000,6777000,7701000,8209000,8661000,9752000,9784000,9830000,10349000,10507000,10542000,10677000,11540000,12489000,13109000,2802000,..,..
Mozambique,MOZ,"International tourism, number of arrivals",ST.INT.ARVL,943000,726000,711000,954000,1095000,1259000,1439000,1711000,1836000,2013000,2206000,1970000,1751000,1634000,1715000,1514000,2870000,2033000,..,..,..
Myanmar,MMR,"International tourism, number of arrivals",ST.INT.ARVL,487000,597000,657000,660000,630000,716000,731000,763000,792000,816000,1059000,2044000,3081000,4681000,2907000,3443000,3551000,4364000,903000,..,..
Namibia,NAM,"International tourism, number of arrivals",ST.INT.ARVL,799000,739000,986000,856000,961000,1048000,1079000,1100000,1114000,1163000,1245000,1327000,1429000,1488000,1551000,1581000,1639000,1651000,187100.006103516,..,..
Nauru,NRU,"International tourism, number of arrivals",ST.INT.ARVL,..,..,..,..,..,..,..,..,..,..,..,..,..,..,..,..,..,..,..,..,..
Nepal,NPL,"International tourism, number of arrivals",ST.INT.ARVL,275000,338000,385000,375000,384000,527000,500000,510000,603000,736000,803000,798000,790000,539000,753000,940000,1173000,1197000,230000,..,..
Netherlands,NLD,"International tourism, number of arrivals",ST.INT.ARVL,9595000,9181000,9646000,10012000,10739000,11008000,10104000,9921000,10883000,11300000,11680000,12783000,13925000,15007000,15828000,17924000,18780000,20129000,7265000,..,..
New Caledonia,NCL,"International tourism, number of arrivals",ST.INT.ARVL,104000,102000,100000,101000,100000,103000,104000,99000,99000,112000,112000,108000,107000,114000,116000,121000,120000,130000,31000,..,..
New Zealand,NZL,"International tourism, number of arrivals",ST.INT.ARVL,2045000,2104000,2334000,2366000,2409000,2455000,2483000,2473000,2530000,2617000,2574000,2710000,2854000,3129000,3494000,3723000,3858000,3888000,996000,..,..
Nicaragua,NIC,"International tourism, number of arrivals",ST.INT.ARVL,579000,646000,735000,804000,891000,978000,1011000,1010000,1071000,1122000,1233000,1273000,1390000,1456000,1596000,1958000,1412000,1455000,474000,..,..
Niger,NER,"International tourism, number of arrivals",ST.INT.ARVL,39000,55000,57000,58000,60000,48000,73000,66000,74000,82000,94000,123000,135000,135000,152000,164000,157000,192000,85000,..,..
Nigeria,NGA,"International tourism, number of arrivals",ST.INT.ARVL,2046000,2253000,2646000,2778000,3056000,5239000,5820000,6053000,6113000,3765000,4673000,4038000,4803000,6017000,5265000,..,..,..,..,..,..
North Macedonia,MKD,"International tourism, number of arrivals",ST.INT.ARVL,123000,158000,165000,197000,202000,230000,255000,259000,262000,327000,351000,400000,425000,486000,510000,631000,707000,758000,118000,..,..
Northern Mariana Islands,MNP,"International tourism, number of arrivals",ST.INT.ARVL,476000,459000,536000,507000,436000,389000,397000,354000,379000,341000,401000,439000,460000,479000,531000,660000,518000,487000,..,..,..
Norway,NOR,"International tourism, number of arrivals",ST.INT.ARVL,3111000,3269000,3628000,3824000,4070000,4377000,4347000,4346000,4767000,4963000,4538000,4778000,4855000,5361000,5960000,6252000,5688000,5879000,1397000,..,..
Oman,OMN,"International tourism, number of arrivals",ST.INT.ARVL,1112000,1210000,1407000,1101000,1385000,1360000,1540000,1584000,1500000,1393000,1714000,1923000,2225000,2634000,3207000,3178000,3242000,3506000,869000,..,..
Pakistan,PAK,"International tourism, number of arrivals",ST.INT.ARVL,498000,501000,648000,798000,898000,840000,823000,855000,907000,1161000,966000,..,..,..,..,..,..,..,..,..,..
Palau,PLW,"International tourism, number of arrivals",ST.INT.ARVL,59000,63000,89000,81000,82000,88000,81000,71000,85000,111000,120000,108000,140000,162000,138000,123000,106000,94000,18399.9996185303,..,..
Panama,PAN,"International tourism, number of arrivals",ST.INT.ARVL,800000,897000,1004000,1070000,1215000,1428000,1575000,1562000,1726000,2004000,2086000,2202000,2305000,2553000,2379000,2517000,2487000,2494000,647000,..,..
Papua New Guinea,PNG,"International tourism, number of arrivals",ST.INT.ARVL,..,..,..,..,..,..,120000,126000,146000,165000,175000,182000,191000,199000,198000,182000,195000,211000,39000,..,..
Paraguay,PRY,"International tourism, number of arrivals",ST.INT.ARVL,3194000,2859000,2589000,2648000,2830000,3005000,3118000,3183000,3171000,3365000,3655000,3538000,3455000,4102000,4318000,4744000,4183000,4368000,1077000,..,..
Peru,PER,"International tourism, number of arrivals",ST.INT.ARVL,..,..,1650000,1938000,2227000,2451000,2581000,2681000,2948000,3299000,3642000,4010000,4062000,4381000,4718000,4992000,5384000,5275000,1119000,..,..
Philippines,PHL,"International tourism, number of arrivals",ST.INT.ARVL,1933000,1907000,2291000,2623000,2843000,3092000,3139000,3017000,3520000,3917000,4273000,4681000,4833000,5361000,5967000,6621000,7168000,8261000,1483000,..,..
Poland,POL,"International tourism, number of arrivals",ST.INT.ARVL,50735000,52130000,61918000,64606000,65115000,66208000,59935000,53840000,58340000,60745000,67390000,72310000,73750000,77743000,80476000,83804000,85946000,88515000,..,..,..
Portugal,PRT,"International tourism, number of arrivals",ST.INT.ARVL,11644000,11707000,10639000,10612000,11282000,6788000,6962000,6439000,6756000,7264000,7503000,9177000,10497000,11723000,13359000,15432000,16186000,17283000,4208000,..,..
Puerto Rico,PRI,"International tourism, number of arrivals",ST.INT.ARVL,4364000,4402000,4889000,5073000,5022000,5062000,5213000,4415000,4379000,4214000,4197000,4210000,4456000,5051000,5003000,4927000,4260000,4931000,3882000,..,..
Qatar,QAT,"International tourism, number of arrivals",ST.INT.ARVL,..,..,..,..,..,..,..,1482000,1700000,2057000,2324000,2612000,2839000,2941000,2938000,2256000,1819000,2136500,582000,..,..
Romania,ROU,"International tourism, number of arrivals",ST.INT.ARVL,4794000,5595000,6600000,5839000,6037000,7722000,8862000,7575000,7498000,7611000,7937000,8019000,8442000,9331000,10223000,10926000,11720000,12815000,5023000,..,..
Russian Federation,RUS,"International tourism, number of arrivals",ST.INT.ARVL,23309000,22521000,22064000,22201000,22486000,22909000,23676000,21339000,22281000,24932000,28177000,30792000,32421000,33729000,24571000,24390000,24551000,24419000,6359000,..,..
Rwanda,RWA,"International tourism, number of arrivals",ST.INT.ARVL,..,..,..,..,531000,610000,669000,664000,667000,908000,1061000,1122000,1220000,1298000,1377000,1570000,1711000,1634000,..,..,..
Samoa,WSM,"International tourism, number of arrivals",ST.INT.ARVL,..,..,..,..,116000,122000,122000,129000,130000,128000,135000,125000,132000,139000,146000,158000,172000,181000,23899.9996185303,..,..
San Marino,SMR,"International tourism, number of arrivals",ST.INT.ARVL,3102000,2882000,2812000,2107000,2136000,2164000,2112000,2056000,1976000,2038000,1869000,1905000,2004000,1888000,2000000,1937000,1874000,1904000,..,..,..
Sao Tome and Principe,STP,"International tourism, number of arrivals",ST.INT.ARVL,9199.99980926514,10000,10600.0003814697,15800.0001907349,12300.0001907349,11800.0001907349,14500,15199.9998092651,8000,12199.9998092651,..,..,..,25600.0003814697,28899.9996185303,28899.9996185303,33400.0015258789,..,..,..,..
Saudi Arabia,SAU,"International tourism, number of arrivals",ST.INT.ARVL,..,..,11083000,10417000,10962000,13479000,17717000,13319000,13025000,15776000,19847000,19934000,23010000,21834000,20887000,18607000,17570000,20292000,..,..,..
Senegal,SEN,"International tourism, number of arrivals",ST.INT.ARVL,..,502000,677000,779000,876000,879000,877000,815000,906000,977000,967000,1069000,976000,1014000,1219000,1376000,..,..,..,..,..
Serbia,SRB,"International tourism, number of arrivals",ST.INT.ARVL,312000,339000,392000,453000,469000,696000,646000,645000,683000,764000,810000,922000,1029000,1132000,1281000,1497000,1711000,1847000,446000,..,..
Seychelles,SYC,"International tourism, number of arrivals",ST.INT.ARVL,135000,127000,126000,135000,151000,171000,173000,178000,191000,210000,216000,237000,239000,296000,333000,382000,405000,428000,124500,..,..
Sierra Leone,SLE,"International tourism, number of arrivals",ST.INT.ARVL,..,..,..,..,..,..,..,..,..,..,75000,95000,53000,31000,60000,59000,66000,71000,..,..,..
Singapore,SGP,"International tourism, number of arrivals",ST.INT.ARVL,7567000,6127000,8329000,8943000,9751000,10285000,10116000,9683000,11642000,13171000,14496000,15568000,15095000,15231500,16403000,17425000,18508000,19116000,2742000,..,..
Sint Maarten (Dutch part),SXM,"International tourism, number of arrivals",ST.INT.ARVL,1436000,1600000,1823000,1956000,1890000,1891000,1821000,1655000,1956000,2080000,2210000,2253000,2502000,2407000,2197000,1640000,1775000,1952000,..,..,..
Slovak Republic,SVK,"International tourism, number of arrivals",ST.INT.ARVL,..,..,..,..,..,..,..,..,..,..,..,12583000,11556000,14936000,17376000,15406000,15299000,..,..,..,..
Slovenia,SVN,"International tourism, number of arrivals",ST.INT.ARVL,1302000,1373000,1499000,1555000,1617000,1751000,1958000,1824000,2049000,2236000,2377000,2502000,2675000,3022000,3397000,3991000,4425000,4702000,1216000,..,..
Solomon Islands,SLB,"International tourism, number of arrivals",ST.INT.ARVL,..,6599.99990463257,5599.99990463257,9399.99961853027,11500,13699.9998092651,16299.9992370605,18299.9992370605,20500,22899.9996185303,23899.9996185303,24399.9996185303,20100.0003814697,21600.0003814697,23200.0007629395,25700.0007629395,27899.9996185303,28899.9996185303,4400.00009536743,..,..
Somalia,SOM,"International tourism, number of arrivals",ST.INT.ARVL,..,..,..,..,..,..,..,..,..,..,..,..,..,..,..,..,..,..,..,..,..
South Africa,ZAF,"International tourism, number of arrivals",ST.INT.ARVL,6550000,6640000,6815000,7518000,8509000,9208000,9729000,9532000,11303000,12097000,13069000,14318000,14530000,13952000,15121000,14975000,15004000,14797000,3886600.09765625,..,..
South Sudan,SSD,"International tourism, number of arrivals",ST.INT.ARVL,..,..,..,..,..,..,..,..,..,..,..,..,..,..,..,..,..,..,..,..,..
Spain,ESP,"International tourism, number of arrivals",ST.INT.ARVL,79313000,82326000,85981000,92563000,96152000,98907000,97670000,91899000,93744000,99187000,98128000,103231000,107144000,109834000,115561000,121717000,124456000,126170000,36410000,..,..
Sri Lanka,LKA,"International tourism, number of arrivals",ST.INT.ARVL,457000,583000,681000,669000,689000,592000,526000,538000,766000,976000,1133000,1415000,1665000,1993000,2168000,2248000,2521000,2027000,540000,..,..
St. Kitts and Nevis,KNA,"International tourism, number of arrivals",ST.INT.ARVL,240000,247000,383000,365000,350000,379000,533000,548000,624000,723000,666000,695000,818000,1036000,1055000,1194000,1278000,1107000,301399.993896484,..,..
St. Lucia,LCA,"International tourism, number of arrivals",ST.INT.ARVL,648000,683000,791000,720000,670000,905000,925000,982000,984000,950000,889000,921000,987000,1031000,948000,1064000,1165000,1220000,432500,..,..
St. Martin (French part),MAF,"International tourism, number of arrivals",ST.INT.ARVL,..,..,..,..,..,..,..,..,..,..,..,..,..,..,..,..,..,..,..,..,..
St. Vincent and the Grenadines,VCT,"International tourism, number of arrivals",ST.INT.ARVL,247000,242000,262000,256000,306000,328000,250000,271000,231000,208000,200000,200000,205000,207000,227000,303000,356000,392000,..,..,..
Sudan,SDN,"International tourism, number of arrivals",ST.INT.ARVL,52000,52000,61000,246000,328000,436000,440000,420000,495000,536000,575000,591000,684000,741000,800000,813000,836000,..,..,..,..
Suriname,SUR,"International tourism, number of arrivals",ST.INT.ARVL,..,100000,..,..,154000,167000,151000,151000,206000,221000,240000,250000,253000,229000,257000,279000,..,..,..,..,..
Sweden,SWE,"International tourism, number of arrivals",ST.INT.ARVL,4276000,4268000,4676000,4883000,4729000,5224000,4555000,4899000,5183000,11567000,12372000,10980000,10522000,6482000,6782000,7054000,7440000,7616000,1957000,..,..
Switzerland,CHE,"International tourism, number of arrivals",ST.INT.ARVL,6868000,6530000,..,7229000,7863000,8448000,8608000,8294000,8628000,8534000,8566000,8967000,9158000,9305000,10402000,11133000,11715000,11818000,..,..,..
Syrian Arab Republic,SYR,"International tourism, number of arrivals",ST.INT.ARVL,4678000,4837000,6334000,5859000,5682000,5434000,6951000,7721000,10970000,6476000,..,..,..,..,1043000,1291000,1802000,2424000,..,..,..
Tajikistan,TJK,"International tourism, number of arrivals",ST.INT.ARVL,..,..,..,..,..,..,325000,207000,160000,183000,244000,208000,213000,414000,344000,431000,1035000,..,..,..,..
Tanzania,TZA,"International tourism, number of arrivals",ST.INT.ARVL,575000,576000,583000,613000,644000,719000,770000,714000,783000,868000,1077000,1096000,1140000,1137000,1284000,1327000,1506000,1527000,..,..,..
Thailand,THA,"International tourism, number of arrivals",ST.INT.ARVL,10873000,10082000,11737000,11567000,13822000,14464000,14584000,14150000,15936000,19230000,22354000,26547000,24810000,29923000,32530000,35592000,38178000,39916000,..,..,..
Timor-Leste,TLS,"International tourism, number of arrivals",ST.INT.ARVL,..,..,..,..,14000,22000,36000,44000,40000,51000,58000,79000,60000,61599.9984741211,65599.9984741211,73900.0015258789,74599.9984741211,74800.0030517578,..,..,..
Togo,TGO,"International tourism, number of arrivals",ST.INT.ARVL,58000,61000,83000,81000,94000,86000,74000,150000,202000,300000,235000,327000,282000,273000,338000,514000,573000,876000,482000,..,..
Tonga,TON,"International tourism, number of arrivals",ST.INT.ARVL,45000,51000,51000,60000,54000,65000,65000,74699.9969482422,65000,68400.0015258789,57200.0007629395,59700.0007629395,65800.0030517578,72599.9984741211,86699.9969482422,86599.9984741211,77300.0030517578,94000,..,..,..
Trinidad and Tobago,TTO,"International tourism, number of arrivals",ST.INT.ARVL,451000,474000,501000,529000,534000,531000,482000,534000,490000,491000,504000,467000,455000,519000,492000,465000,501000,480000,141000,..,..
Tunisia,TUN,"International tourism, number of arrivals",ST.INT.ARVL,5064000,5114000,5998000,6378000,6550000,6762000,7050000,7797000,7828000,5746000,6999000,7352000,7163000,5359000,5724000,7052000,8299000,9429000,2012000,..,..
Turkiye,TUR,"International tourism, number of arrivals",ST.INT.ARVL,13256000,14030000,17517000,21125000,19820000,27215000,31138000,31760000,32997000,36769000,37715000,39861000,41627000,41114000,30907000,37970000,46113000,51747000,15971000,..,..
Turkmenistan,TKM,"International tourism, number of arrivals",ST.INT.ARVL,..,..,..,..,..,..,..,..,..,..,..,..,..,..,..,..,..,..,..,..,..
Turks and Caicos Islands,TCA,"International tourism, number of arrivals",ST.INT.ARVL,..,..,..,..,..,..,757000,865000,899000,1010000,968000,1069000,1330000,1316000,1296000,1243000,1463000,1599000,370399.993896484,..,..
Tuvalu,TUV,"International tourism, number of arrivals",ST.INT.ARVL,1299.99995231628,1399.99997615814,1299.99995231628,1100.00002384186,1100.00002384186,1100.00002384186,1700.00004768372,1600.00002384186,1700.00004768372,1200.00004768372,1100.00002384186,1299.99995231628,1399.99997615814,2400.00009536743,2500,2500,3200.00004768372,3599.99990463257,..,..,..
Uganda,UGA,"International tourism, number of arrivals",ST.INT.ARVL,254000,305000,512000,468000,539000,642000,844000,807000,946000,1151000,1197000,1206000,1266000,1303000,1323000,1402000,1506000,1543000,473000,..,..
Ukraine,UKR,"International tourism, number of arrivals",ST.INT.ARVL,12793000,15161000,18583000,20489000,21714000,26162000,28827000,24033000,24114000,24535000,25061000,26025000,13227000,13025000,13734000,14579000,14342000,13710000,3382000,..,..
United Arab Emirates,ARE,"International tourism, number of arrivals",ST.INT.ARVL,..,..,..,..,..,..,..,..,..,..,..,..,..,19313000,20894000,21805000,23092000,25282000,8084000,..,..
United Kingdom,GBR,"International tourism, number of arrivals",ST.INT.ARVL,24180000,24715000,27755000,29970000,32713000,32778000,31888000,31072000,30398000,31886000,32221000,33567000,35337000,36792000,39129000,41080000,40283000,40857000,11101000,..,..
United States,USA,"International tourism, number of arrivals",ST.INT.ARVL,64434000,62082000,67606000,71484000,183178000,175299000,175703000,160508000,162275000,147271421.875,171629890.625,179309906.25,178311359.375,176864531.25,175261484.375,174291750,169324921.875,165478000,45037000,..,..
Uruguay,URY,"International tourism, number of arrivals",ST.INT.ARVL,1354000,1508000,1871000,1917000,1824000,1815000,2255000,2303000,2708000,3244000,3155000,3242000,3195000,3286000,3632000,4219000,3954000,3480000,..,..,..
Uzbekistan,UZB,"International tourism, number of arrivals",ST.INT.ARVL,332000,231000,262000,242000,560000,903000,1069000,1215000,975000,1393000,1895000,1969000,1862000,1918000,2027000,2690000,5346000,6749000,..,..,..
Vanuatu,VUT,"International tourism, number of arrivals",ST.INT.ARVL,99000,102000,99000,126000,154000,167000,196600.006103516,225500,237699.996948242,248899.993896484,321000,357000,329000,287000,351600.006103516,332700.012207031,350200.012207031,256000,82400.0015258789,..,..
"Venezuela, RB",VEN,"International tourism, number of arrivals",ST.INT.ARVL,590000,435000,618000,846000,883000,898000,702000,567000,535000,625000,1061000,1085000,967000,882000,681000,429000,..,..,..,..,..
Viet Nam,VNM,"International tourism, number of arrivals",ST.INT.ARVL,2628000,2429000,2928000,3477000,3583000,4229000,4236000,3747000,5050000,6014000,6848000,7572000,7874000,7944000,10013000,12922000,15498000,18009000,3837000,..,..
Virgin Islands (U.S.),VIR,"International tourism, number of arrivals",ST.INT.ARVL,2337000,2395000,2620000,2602000,2571000,2606000,2435000,2245000,2531000,2686000,2640000,2702000,2814000,2643000,2574000,1954000,1922000,2074000,8612000,..,..
West Bank and Gaza,PSE,"International tourism, number of arrivals",ST.INT.ARVL,33000,37000,56000,88000,123000,264000,387000,396000,522000,449000,490000,545000,556000,432000,400000,503000,606000,688000,93000,..,..
"Yemen, Rep.",YEM,"International tourism, number of arrivals",ST.INT.ARVL,..,..,..,..,..,..,..,..,1035000,1175000,1282000,1323000,1218000,398000,..,..,..,..,..,..,..
Zambia,ZMB,"International tourism, number of arrivals",ST.INT.ARVL,565000,413000,515000,669000,757000,897000,812000,710000,815000,920000,859000,915000,947000,932000,956000,1009000,1072000,1266000,502000,..,..
Zimbabwe,ZWE,"International tourism, number of arrivals",ST.INT.ARVL,2041000,2256000,1854000,1559000,2287000,2506000,1956000,2017000,2239000,2423000,1794000,1833000,1880000,2057000,2168000,2423000,2580000,2294000,639000,..,..
Africa Eastern and Southern,AFE,"International tourism, number of arrivals",ST.INT.ARVL,17383375.4157474,17844385.2820236,18745951.1627553,19917566.3729011,22650320.8799121,25114898.4367538,25413098.2674515,25964418.0695383,29071500.5114406,31650243.8841427,32748552.3906752,34426632.6796927,35738392.2140136,35318681.4645499,37645887.774466,38258347.875597,41189145.2687099,39826701.4025488,..,..,..
Africa Western and Central,AFW,"International tourism, number of arrivals",ST.INT.ARVL,4697120.10955494,5013049.70972226,5839376.58498229,6320831.90878145,6955607.10540813,9389591.49388354,10157585.7759999,10569712.6444844,11070796.4548825,8902380.17844765,10221030.3977021,10085818.9405127,10544624.002472,13311681.7254405,13150775.3380124,..,..,..,..,..,..
Arab World,ARB,"International tourism, number of arrivals",ST.INT.ARVL,..,..,80985285.3012514,82979842.6266383,89387603.6153018,99187198.0437057,115508623.576591,113944262.080253,130381603.794372,109790026.216047,122650455.800156,122579989.796455,130620704.114,122563985.747808,115219915.34879,122153139.690839,131892640.892491,142447574.174804,..,..,..
Caribbean small states,CSS,"International tourism, number of arrivals",ST.INT.ARVL,11075114.1361257,12223187.434555,13943780.104712,13151761.2565445,13524000,13774000,13494000,14132000,14853000,15421000,15540000,15674000,16644000,17200000,17638000,18488000,19669834.9167994,19819087.2645395,..,..,..
Central Europe and the Baltics,CEB,"International tourism, number of arrivals",ST.INT.ARVL,173510081.363983,177955845.419315,200553517.555216,208136165.233864,215062885.918177,222544621.751542,217002009.902587,205767642.373582,211503443.345688,219665361.603973,230513827.817575,239484451.83792,247176982.109666,265484205.126514,282858334.211699,293799709.735875,301502122.473578,314638365.070248,..,..,..
Early-demographic dividend,EAR,"International tourism, number of arrivals",ST.INT.ARVL,190886934.722572,186159242.792848,208858479.29138,220351005.237344,222512638.285161,237447686.582469,253965565.947692,245231108.208586,260218031.214228,251178035.987064,266770386.702611,276291315.740777,298030473.740635,305091375.489381,301876958.468592,326787964.841898,350576700.187856,369336988.869679,..,..,..
East Asia & Pacific,EAS,"International tourism, number of arrivals",ST.INT.ARVL,194873220.564053,180513147.156171,224750642.923646,243811863.55181,259502080.866753,283352757.096223,281400380.930062,276931048.15153,306945190.111902,324630664.831323,341731569.316526,359795035.595933,378067655.467914,395583346.130267,422310009.824166,449587158.558471,480202482.119432,490804002.09165,..,..,..
East Asia & Pacific (excluding high income),EAP,"International tourism, number of arrivals",ST.INT.ARVL,136489562.531353,125706247.639834,152728066.395308,165948098.184479,174721883.479191,188386803.707994,188916100.232187,186368423.316377,200103460.758153,208057749.328703,211756290.50135,217301338.453645,219499632.736013,232372388.217065,246129470.434008,267094231.846656,281129640.985927,292842169.375777,..,..,..
East Asia & Pacific (IDA & IBRD countries),TEA,"International tourism, number of arrivals",ST.INT.ARVL,134842642.006044,124198110.590745,150908208.180781,163954997.33495,172620607.18768,186123962.562092,186639516.741198,184114105.551066,197693903.397956,205576450.423001,209238311.638102,214704672.466978,216907017.848004,229644083.48217,243207453.386259,263898378.255022,277743234.61904,289300101.805405,..,..,..
Euro area,EMU,"International tourism, number of arrivals",ST.INT.ARVL,..,..,453619920.677667,462527032.480447,489625062.752987,494727795.290124,495768984.005798,483880961.149039,491730015.731549,514734250.164405,520092217.303124,539066000,555108000,571048000,590598000,617852000,638607601.5625,655573447.522239,..,..,..
Europe & Central Asia,ECS,"International tourism, number of arrivals",ST.INT.ARVL,723771886.750378,736933750.134312,784677456.137603,815823430.708176,854328332.117065,883815853.742797,884795564.167485,854438373.681739,869779367.121323,918783439.730949,944560917.641592,980013821.128415,997036505.326425,1026805426.07725,1055431735.20262,1112981075.45227,1157868194.79519,1199188498.74821,..,..,..
Europe & Central Asia (excluding high income),ECA,"International tourism, number of arrivals",ST.INT.ARVL,69761846.8645456,73537448.5169442,83794261.442849,92511429.3466292,95695880.8214348,113529421.671204,123903647.844817,115245401.615921,119087288.364319,132498762.088979,142150827.948523,151065267.842946,140838191.796523,142759135.170721,134101499.894963,149456827.794733,169084765.500036,180880471.54687,..,..,..
Europe & Central Asia (IDA & IBRD countries),TEC,"International tourism, number of arrivals",ST.INT.ARVL,163685842.015533,170010345.351618,192355295.09094,204584907.690285,210284391.704246,233796926.398741,236802923.236252,218138478.16132,228004885.432018,244817219.02465,258377683.993857,273457449.6319,267581214.264126,278325392.262029,274218218.147916,294608725.405586,314784745.548675,331546366.211299,..,..,..
European Union,EUU,"International tourism, number of arrivals",ST.INT.ARVL,615268114.300364,625662233.101653,658492799.318359,678884822.439327,711022667.348889,723200887.816661,717085325.785312,695775047.737323,708410742.423597,743016204.714531,759681881.470208,784371000,809619000,835937000,870371000,910869000,938485601.5625,968873375.260994,..,..,..
Fragile and conflict affected situations,FCS,"International tourism, number of arrivals",ST.INT.ARVL,16446497.164041,17350162.9059565,19975986.0026483,20088164.7854596,21663574.546598,25383279.8501855,29047239.1280934,31567087.2070328,36919296.5718662,30416045.1248991,32472105.7294532,33260753.9404232,..,..,..,..,..,..,..,..,..
Heavily indebted poor countries (HIPC),HPC,"International tourism, number of arrivals",ST.INT.ARVL,9043190.15516333,9192544.3261922,10209662.0385666,11488151.5651901,12898473.619593,14613529.7843686,15475609.718767,15905711.5819416,17437169.2644298,19068517.6045939,20446470.3779588,21285585.1472542,21852006.860836,23619335.2534751,25289047.2324128,27119321.1667896,29458450.954646,29134874.0028677,..,..,..
High income,HIC,"International tourism, number of arrivals",ST.INT.ARVL,879165850.569389,871624379.175476,939596423.181025,969910115.568368,1128257222.58738,1143132372.81365,1134881110.9954,1087553476.15626,1124271992.40308,1153167524.77879,1215900943.44328,1266070914.76608,1315757995.17859,1349915164.10243,1403510281.67581,1453128423.16718,1491870217.10045,1522430052.79407,..,..,..
IBRD only,IBD,"International tourism, number of arrivals",ST.INT.ARVL,461400702.594931,453203858.612816,519447298.172226,553668383.697512,569028747.364448,606513212.375318,614737921.63815,588744192.858301,618728471.107818,631384271.543576,653441089.991949,674498601.173663,683100776.631217,710624637.033822,732382440.830946,787599416.866195,823988846.49919,852166955.667661,..,..,..
IDA & IBRD total,IBT,"International tourism, number of arrivals",ST.INT.ARVL,504227902.357613,496859855.186029,569823563.004971,606222959.51906,626141605.078386,671923148.38367,683771446.962447,659261625.319416,695222797.512301,706710380.463478,733806691.50248,759074427.760916,771435636.913848,805369212.147884,826247856.778612,889465190.836547,939010262.98174,974462802.208958,..,..,..
IDA blend,IDB,"International tourism, number of arrivals",ST.INT.ARVL,..,..,..,..,..,..,..,..,..,..,..,..,..,..,..,..,..,..,..,..,..
IDA only,IDX,"International tourism, number of arrivals",ST.INT.ARVL,15034904.5445293,15535677.3426129,18457815.3607657,19225120.3112036,21221685.0201544,24248164.5348655,27424638.6111118,28669900.9998018,32648986.2388901,32417429.9202951,35988687.3227502,40041483.7963137,42827384.2085399,46442583.3322505,46337010.2452196,50308715.5381637,58328493.7275152,63144062.5081978,..,..,..
IDA total,IDA,"International tourism, number of arrivals",ST.INT.ARVL,26352150.7755829,27591739.1077442,31980186.9389102,32888290.8354561,37120730.1794924,44274304.404889,47671291.726587,50223430.1268954,55256133.3363662,53613909.3169835,58250533.3223872,62020322.2939128,65941778.0346355,71927095.0490083,71605647.798736,78201600.2766101,93089667.6452262,100914423.764227,..,..,..
Late-demographic dividend,LTE,"International tourism, number of arrivals",ST.INT.ARVL,272906962.599466,267562909.20044,312413443.50084,331644843.456417,347355982.795684,369420014.56393,367075985.563594,353528962.134289,375168918.787281,394674498.454181,413361747.602807,430928983.189796,437115970.846172,460461683.614631,479145118.671706,508820312.733723,532235103.181661,549832276.924528,..,..,..
Latin America & Caribbean,LCN,"International tourism, number of arrivals",ST.INT.ARVL,152947999.421305,148080474.859032,161110799.637893,167839740.288342,165382750.949921,164050585.813892,165005509.742419,158419130.150407,157336067.730403,155233946.579111,159170173.435193,162605371.415539,171231468.537929,182042491.632718,193556155.198286,202720683.376421,201522429.427424,201856013.686497,..,..,..
Latin America & Caribbean (excluding high income),LAC,"International tourism, number of arrivals",ST.INT.ARVL,128164683.08834,122614563.339003,132972759.430094,139293878.536285,136738000,135404000,136305000,130549000,128009000,124212000,126982000,129584000,136666599.975586,145821000,156330000,165093000,164604173.905129,165233236.99443,..,..,..
Latin America & the Caribbean (IDA & IBRD countries),TLA,"International tourism, number of arrivals",ST.INT.ARVL,133102339.894644,127305056.434372,138679012.316759,145124920.038885,142663119.848406,141496729.278345,142505000,136672000,134206000,131390000,134737000,137445000,144459599.975586,154385000,165767000,175407000,173715171.225937,172908916.919959,..,..,..
Least developed countries: UN classification,LDC,"International tourism, number of arrivals",ST.INT.ARVL,9811415.87034763,9707907.43154441,11144721.8441438,12956006.3805251,14529500.4055314,16999106.6549042,18005255.3853279,18594287.0318623,20467099.629639,23220314.7083813,26001684.9402131,28995508.7662871,31645081.8002882,33502770.9851016,32624657.6546745,34557520.6921775,38555567.9067446,40176417.3590637,..,..,..
Low & middle income,LMY,"International tourism, number of arrivals",ST.INT.ARVL,403924802.051296,394042563.299902,453546722.554274,486276713.91257,503388698.985408,543031904.704271,562443862.560224,548333631.290807,578189300.741761,585014466.54183,607553618.567666,626412968.381187,634344306.594772,658163496.006004,673875108.775131,731331434.167185,782000891.14212,814041186.104538,..,..,..
Low income,LIC,"International tourism, number of arrivals",ST.INT.ARVL,5834485.60944055,5908363.54549612,7427824.40473071,7489497.8362808,7946918.30596217,8224734.5807925,9779564.74641005,10644113.0135128,13439676.3492832,11065512.0992608,11790113.0654175,12106324.920729,12210720.2183772,11563292.8281863,13028546.9680762,14021098.7639868,17021655.3602576,17409971.529363,..,..,..
Lower middle income,LMC,"International tourism, number of arrivals",ST.INT.ARVL,64049459.3303592,69066616.1318946,82272562.5244204,88540296.6816585,96432872.5471669,112971124.524148,120779067.916089,117207259.05852,126945397.09463,125756815.608249,136178040.836699,142764863.440686,140616367.298845,145156136.985487,146764495.238977,166574125.990859,192813989.629173,207722217.280817,..,..,..
Middle East & North Africa,MEA,"International tourism, number of arrivals",ST.INT.ARVL,..,..,80626989.198281,83145581.4949873,90007073.6280142,99102298.5521735,115019778.312069,113027486.470118,130361782.059819,111858609.823284,124595751.506222,125860611.653485,133162231.787784,126208646.076229,119350820.631413,127054293.453213,139804138.011964,152571279.95283,..,..,..
Middle East & North Africa (excluding high income),MNA,"International tourism, number of arrivals",ST.INT.ARVL,29063175.7213185,30679598.5713338,37570149.4747039,38948343.127265,42009917.5303136,44628483.8891179,50431455.7722435,53336591.5994165,62924889.1240411,50267660.084527,53404835.8225871,51878546.9522724,51968618.0440225,47236883.3574178,41373623.8181917,48550026.9757678,58807590.7872825,65756226.1253439,..,..,..
Middle East & North Africa (IDA & IBRD countries),TMN,"International tourism, number of arrivals",ST.INT.ARVL,29054552.8528655,30668307.0083323,37545158.34004,38891162.7581939,41918915.5737007,44393001.4005474,50073040.227089,52971338.6842812,62437036.0111398,49845259.010905,52940791.7144618,51346515.8374683,51423560.2895256,46829784.8356119,40984877.3879004,48055307.589623,58212100.3830495,65078454.6035971,..,..,..
Middle income,MIC,"International tourism, number of arrivals",ST.INT.ARVL,394155191.535862,384233687.467532,441446433.229989,473913514.762399,490340950.463383,529427962.309045,546648340.211786,531427960.483845,557355435.100641,567578027.413788,589199451.633794,607530503.440111,615263536.557329,639288627.722806,655230626.632627,711194514.825387,758857901.867136,790163362.933784,..,..,..
North America,NAC,"International tourism, number of arrivals",ST.INT.ARVL,109814000,101468000,106929000,108161000,217203000,206332000,203623000,185758000,188476000,172989421.875,197557890.625,205052906.25,204449359.375,205016531.25,206045484.375,206060750,201364921.875,198713000,..,..,..
Not classified,INX,"International tourism, number of arrivals",ST.INT.ARVL,..,..,..,..,..,..,..,..,..,..,..,..,..,..,..,..,..,..,..,..,..
OECD members,OED,"International tourism, number of arrivals",ST.INT.ARVL,845244937.712176,829225858.783764,883810873.550967,917093718.802883,1057049130.58298,1057756515.07794,1052020400.64877,1012277275.00541,1023509318.93545,1038728158.55374,1089410317.44598,1129790906.25,1163739359.375,1200190531.25,1244329484.375,1299260750,1331200523.4375,1364524985.83971,..,..,..
Other small states,OSS,"International tourism, number of arrivals",ST.INT.ARVL,23251643.3106456,23525106.4866688,25484888.2669086,25761318.5276691,27999916.1464853,30898966.0376497,32780642.4708487,32486504.5585054,37843566.1639165,33747412.9930026,36199883.0066766,39516963.5989652,42941757.4901031,43653648.1222278,46851127.1015183,49979552.7638719,51524462.8351512,51930012.4665974,..,..,..
Pacific island small states,PSS,"International tourism, number of arrivals",ST.INT.ARVL,..,..,..,..,..,1082228.46747333,1202558.03383862,1241227.85576344,1349967.00415346,1427095.93276674,1519503.13739346,1571298.37390325,1590536.61141141,1675831.86865082,1836886.92745203,1885809.47177424,1928869.84006484,1752269.77187474,..,..,..
Post-demographic dividend,PST,"International tourism, number of arrivals",ST.INT.ARVL,745620332.427176,739424033.795264,791914175.228682,822568061.024317,972284577.685083,984896479.657769,981136584.590932,943253696.670807,968795923.894539,994042514.717074,1040611729.01327,1080304353.78184,1105378388.11543,1128129854.07553,1175947745.43724,1223167398.08182,1257774889.54502,1275198369.71218,..,..,..
Pre-demographic dividend,PRE,"International tourism, number of arrivals",ST.INT.ARVL,9597982.87325824,9756308.31129177,11371716.1872645,12787723.6587618,14207513.3171143,17963991.8687194,18545304.5832531,19842113.5215822,21206463.3824829,20093300.3505309,21339533.62322,20780542.2066995,21408619.2301547,24064888.6903973,24362726.9411335,..,..,..,..,..,..
Small states,SST,"International tourism, number of arrivals",ST.INT.ARVL,36594901.9751022,38156636.5093622,42165941.5153621,41471204.5548666,43973149.9445357,47057081.1040025,48541042.9091718,49158502.0041125,55249470.4460836,51988608.9846822,54646954.0177452,58059805.3091627,62560577.1639981,63973751.9338524,71729395.1557745,75794208.0555262,78864839.6236104,79086475.9232005,..,..,..
South Asia,SAS,"International tourism, number of arrivals",ST.INT.ARVL,4527657.85904164,5212015.08793534,6372282.54475846,6697186.83648525,7599967.11673451,8429239.64081341,8726421.00599968,8418738.53250294,9476200.13936716,10853945.5497007,11239336.2246949,12150072.2092162,19662201.2171565,20005025.7892767,22126613.5453606,23793410.4549282,26712613.6296487,27102764.1528023,..,..,..
South Asia (IDA & IBRD),TSA,"International tourism, number of arrivals",ST.INT.ARVL,4386891.80115998,5049972.18619902,6174166.62667017,6488969.55964612,7363682.16668765,8167172.39277532,8455114.31219172,8156997.76664753,9181582.61771577,10516493.5656815,10889902.3445714,11772323.3109744,19050898.2784665,19383064.3456677,21438691.3878082,23053667.1488805,25882111.5392904,26260132.181425,..,..,..
Sub-Saharan Africa,SSF,"International tourism, number of arrivals",ST.INT.ARVL,22162330.2629762,22926433.4292146,24699148.8251034,26367736.5442803,29762488.2419261,34665318.3696877,35737670.056065,36704327.0214213,40334502.4625717,40741755.2848056,43202323.0203332,44728989.8968498,46510985.5551164,48979055.5101286,51223036.3828596,52899581.2058794,56673405.0653589,56014499.1539477,..,..,..
Sub-Saharan Africa (excluding high income),SSA,"International tourism, number of arrivals",ST.INT.ARVL,22023890.3822426,22796021.3552279,24570128.1884486,26229482.2972481,29607860.52355,34490086.8944156,35560286.3026162,36521793.401362,40138969.9284351,40525618.3202266,42980384.6013304,44484730.5513001,46265055.5840422,48672074.1038622,50877194.3830237,52496629.8574719,56247033.3736039,55555231.2954125,..,..,..
Sub-Saharan Africa (IDA & IBRD countries),TSS,"International tourism, number of arrivals",ST.INT.ARVL,22162330.2629762,22926433.4292146,24699148.8251034,26367736.5442803,29762488.2419261,34665318.3696877,35737670.056065,36704327.0214213,40334502.4625717,40741755.2848056,43202323.0203332,44728989.8968498,46510985.5551164,48979055.5101286,51223036.3828596,52899581.2058794,56673405.0653589,56014499.1539477,..,..,..
Upper middle income,UMC,"International tourism, number of arrivals",ST.INT.ARVL,323043770.078842,308581283.043352,351774849.750366,377443418.735845,385922932.173933,408189869.124966,417498838.987031,406075035.229862,422026476.212087,433149966.010616,444224631.758403,455797691.588978,465397898.821266,484482005.838454,498471214.239233,534415314.856608,556608632.209134,573310641.28494,..,..,..
World,WLD,"International tourism, number of arrivals",ST.INT.ARVL,1319581840.28965,1300066793.0465,1436450364.25948,1501611341.31288,1683029831.5264,1739388599.52882,1750746690.46876,1687198487.93653,1755720045.79761,1792688016.34094,1881196824.91292,1952484358.48149,2012330419.01591,2071785909.76065,2140443306.01389,2248870723.88107,2339399881.49679,2403074088.46029,..,..,..
,,,,,,,,,,,,,,,,,,,,,,,,
,,,,,,,,,,,,,,,,,,,,,,,,
,,,,,,,,,,,,,,,,,,,,,,,,
Data from database: World Development Indicators,,,,,,,,,,,,,,,,,,,,,,,,
Last Updated: 09/19/2024,,,,,,,,,,,,,,,,,,,,,,,,
