Country Name,Country Code,Series Name,Series Code,2002 [YR2002],2003 [YR2003],2004 [YR2004],2005 [YR2005],2006 [YR2006],2007 [YR2007],2008 [YR2008],2009 [YR2009],2010 [YR2010],2011 [YR2011],2012 [YR2012],2013 [YR2013],2014 [YR2014],2015 [YR2015],2016 [YR2016]
Afghanistan,AFG,"School enrollment, primary (% gross)",SE.PRM.ENRR,71.6497116088867,96.8907165527344,108.499900817871,101.476837158203,104.914390563965,101.782279968262,103.400573730469,99.1636810302734,102.163848876953,99.3715209960938,105.09497833252,105.983871459961,107.36792755127,107.225357055664,..
Albania,ALB,"School enrollment, primary (% gross)",SE.PRM.ENRR,101.898002624512,100.463317871094,98.603889465332,101.093452453613,98.2705612182617,96.7381820678711,96.0839767456055,93.506477355957,93.8354721069336,95.2204284667969,98.6022186279297,102.268028259277,107.672760009766,109.76244354248,109.777412414551
Algeria,DZA,"School enrollment, primary (% gross)",SE.PRM.ENRR,105.142440795898,106.002967834473,107.000122070313,107.675239562988,108.194221496582,109.51815032959,109.177192687988,112.254661560059,115.226409912109,116.461952209473,117.924430847168,119.36506652832,118.33927154541,115.718521118164,113.646507263184
American Samoa,ASM,"School enrollment, primary (% gross)",SE.PRM.ENRR,..,..,..,..,..,..,..,..,..,..,..,..,..,..,..
Andorra,AND,"School enrollment, primary (% gross)",SE.PRM.ENRR,..,..,..,..,..,..,..,..,..,..,..,..,..,..,..
Angola,AGO,"School enrollment, primary (% gross)",SE.PRM.ENRR,..,..,..,..,..,98.3860321044922,104.510292053223,103.427932739258,105.054588317871,118.651786804199,..,..,..,..,..
Antigua and Barbuda,ATG,"School enrollment, primary (% gross)",SE.PRM.ENRR,..,..,..,..,..,95.8412704467773,95.7674102783203,93.6856079101563,94.0419464111328,91.4182205200195,88.7276077270508,..,87.7501678466797,87.6108474731445,..
Arab World,ARB,"School enrollment, primary (% gross)",SE.PRM.ENRR,90.43958,91.65067,92.28942,92.94939,94.15562,94.84311,95.68415,96.30857,96.49038,95.73291,97.17791,95.71264,95.19884,95.97103,95.20396
Argentina,ARG,"School enrollment, primary (% gross)",SE.PRM.ENRR,118.76197052002,116.503356933594,117.814086914063,117.133293151855,118.838752746582,119.352691650391,119.444183349609,118.21312713623,116.719512939453,114.773109436035,112.979568481445,110.559577941895,109.973167419434,109.926261901855,..
Armenia,ARM,"School enrollment, primary (% gross)",SE.PRM.ENRR,95.376106262207,94.2001724243164,94.9227066040039,95.4410629272461,100.155799865723,113.284599304199,114.515449523926,110.845710754395,..,..,..,..,..,94.7756576538086,94.3443298339844
Aruba,ABW,"School enrollment, primary (% gross)",SE.PRM.ENRR,111.010833740234,109.214302062988,110.839050292969,111.37671661377,114.251152038574,115.211578369141,113.091613769531,113.801788330078,113.794296264648,105.255859375,104.087127685547,116.03929901123,117.108093261719,..,..
Australia,AUS,"School enrollment, primary (% gross)",SE.PRM.ENRR,101.262161254883,101.400741577148,102.015960693359,102.536460876465,103.156471252441,105.115371704102,105.175338745117,105.449256896973,105.88410949707,106.076728820801,106.474319458008,106.560188293457,106.070037841797,102.223190307617,101.340301513672
Austria,AUT,"School enrollment, primary (% gross)",SE.PRM.ENRR,101.251480102539,100.463821411133,100.721321105957,100.832618713379,101.559288024902,101.67839050293,100.748489379883,100.237617492676,99.8186264038086,99.7387008666992,100.524833679199,101.036033630371,101.388572692871,101.80110168457,102.264358520508
Azerbaijan,AZE,"School enrollment, primary (% gross)",SE.PRM.ENRR,98.3494262695313,96.2132415771484,97.2613296508789,95.526969909668,94.2166595458984,94.7712020874023,94.0724716186523,95.0685729980469,93.7622985839844,95.5736312866211,97.9553070068359,100.500450134277,106.05989074707,106.601486206055,106.431739807129
"Bahamas, The",BHS,"School enrollment, primary (% gross)",SE.PRM.ENRR,94.4496688842773,..,103.738861083984,109.166450500488,107.84496307373,111.213638305664,111.240982055664,107.356201171875,107.91145324707,..,..,..,..,..,95.3439865112305
Bahrain,BHR,"School enrollment, primary (% gross)",SE.PRM.ENRR,100.740730285645,99.8098602294922,98.3822631835938,95.745979309082,98.4171371459961,..,..,..,..,94.8689727783203,95.3295288085938,97.6388931274414,99.6831130981445,101.167381286621,101.093132019043
Bangladesh,BGD,"School enrollment, primary (% gross)",SE.PRM.ENRR,..,..,..,98.4708099365234,99.1819305419922,98.35791015625,96.274299621582,99.4560928344727,102.30419921875,111.460273742676,..,120.229568481445,..,120.008529663086,118.573509216309
Barbados,BRB,"School enrollment, primary (% gross)",SE.PRM.ENRR,96.7693862915039,96.6652679443359,94.9681015014648,96.1412200927734,98.2502975463867,99.6910018920898,101.231666564941,100.544151306152,99.7051773071289,98.4172134399414,..,..,93.6314163208008,93.0115737915039,92.5821685791016
Belarus,BLR,"School enrollment, primary (% gross)",SE.PRM.ENRR,111.742668151855,101.728202819824,99.3554077148438,97.8268508911133,98.7653503417969,101.187118530273,104.219360351563,105.277687072754,103.685836791992,101.459373474121,99.2584762573242,97.8659210205078,98.2920684814453,99.5501480102539,101.890426635742
Belgium,BEL,"School enrollment, primary (% gross)",SE.PRM.ENRR,103.16722869873,102.360908508301,100.80020904541,100.462341308594,100.734191894531,101.533660888672,102.156707763672,102.126991271973,101.923957824707,101.946800231934,102.260131835938,103.82592010498,103.647789001465,103.152961730957,..
Belize,BLZ,"School enrollment, primary (% gross)",SE.PRM.ENRR,107.274787902832,111.166870117188,112.894012451172,113.322059631348,113.730117797852,113.163688659668,112.353866577148,113.020233154297,112.54810333252,111.408752441406,113.794128417969,112.031448364258,111.730186462402,113.138511657715,114.692413330078
Benin,BEN,"School enrollment, primary (% gross)",SE.PRM.ENRR,96.1632232666016,99.7970428466797,103.722259521484,100.838829040527,101.293403625488,..,113.18830871582,118.433967590332,120.152008056641,122.726043701172,127.215393066406,128.73713684082,129.597244262695,132.46826171875,..
Bermuda,BMU,"School enrollment, primary (% gross)",SE.PRM.ENRR,101.509201049805,101.624656677246,100.396583557129,99.1047286987305,97.114387512207,..,..,..,92.2838897705078,89.8326110839844,87.5051879882813,86.4513397216797,87.4759979248047,90.3485794067383,..
Bhutan,BTN,"School enrollment, primary (% gross)",SE.PRM.ENRR,81.5071105957031,84.6925430297852,88.3253021240234,91.1196365356445,94.3017730712891,97.2998886108398,99.9651412963867,103.81031036377,106.537902832031,108.369720458984,108.497276306152,102.720558166504,100.221801757813,97.8564224243164,94.9757766723633
Bolivia,BOL,"School enrollment, primary (% gross)",SE.PRM.ENRR,117.908180236816,116.176200866699,115.543937683105,114.942451477051,113.41544342041,112.648498535156,111.520126342773,108.038787841797,104.707611083984,101.456832885742,99.9610900878906,98.6430282592773,97.3594131469727,97.1381072998047,97.701789855957
Bosnia and Herzegovina,BIH,"School enrollment, primary (% gross)",SE.PRM.ENRR,..,..,..,..,..,..,..,..,..,..,..,..,..,..,..
Botswana,BWA,"School enrollment, primary (% gross)",SE.PRM.ENRR,109.472610473633,109.1650390625,108.537948608398,108.674018859863,109.107208251953,108.238380432129,108.176200866699,109.396293640137,..,..,110.52237701416,111.142158508301,105.362121582031,..,..
Brazil,BRA,"School enrollment, primary (% gross)",SE.PRM.ENRR,146.827789306641,140.544494628906,133.696304321289,133.262161254883,..,128.179794311523,132.055206298828,131.165161132813,..,132.496612548828,130.376022338867,109.770492553711,111.063873291016,115.340789794922,..
British Virgin Islands,VGB,"School enrollment, primary (% gross)",SE.PRM.ENRR,103.042518615723,100.035980224609,99.7527389526367,99.450927734375,97.6285934448242,98.9918670654297,..,94.5872421264648,..,95.0045394897461,95.5314025878906,96.208251953125,97.5878524780273,98.9684600830078,..
Brunei Darussalam,BRN,"School enrollment, primary (% gross)",SE.PRM.ENRR,107.723686218262,110.647972106934,111.046730041504,110.640342712402,110.33805847168,109.757667541504,107.722610473633,107.007537841797,106.547302246094,106.863456726074,105.926513671875,105.977439880371,105.20142364502,105.126602172852,106.64013671875
Bulgaria,BGR,"School enrollment, primary (% gross)",SE.PRM.ENRR,103.392028808594,104.62100982666,105.097312927246,103.303382873535,103.341186523438,106.805038452148,108.890701293945,109.781661987305,108.533340454102,103.965240478516,100.931037902832,99.1309127807617,98.5419006347656,97.0700225830078,94.8479232788086
Burkina Faso,BFA,"School enrollment, primary (% gross)",SE.PRM.ENRR,47.0575714111328,49.3110389709473,53.8744010925293,58.3271903991699,62.0652084350586,67.6690979003906,73.2238388061523,77.6148223876953,78.0141677856445,81.5949096679688,84.0926666259766,85.7185821533203,87.3381118774414,88.3663330078125,91.11083984375
Burundi,BDI,"School enrollment, primary (% gross)",SE.PRM.ENRR,67.0253524780273,72.6912384033203,77.8043899536133,82.4452819824219,104.535308837891,116.600448608398,124.14427947998,133.045394897461,139.34765625,143.913711547852,142.703704833984,140.344650268555,137.898849487305,134.178039550781,130.915283203125
Cabo Verde,CPV,"School enrollment, primary (% gross)",SE.PRM.ENRR,118.650581359863,116.770568847656,114.116828918457,112.441230773926,111.847602844238,109.619400024414,107.454299926758,104.833442687988,102.609451293945,100.956756591797,100.182952880859,100.703117370605,100.152420043945,98.3282089233398,96.6901168823242
Cambodia,KHM,"School enrollment, primary (% gross)",SE.PRM.ENRR,129.481414794922,131.515274047852,131.968444824219,130.929870605469,128.863983154297,127.879783630371,123.787086486816,123.311500549316,123.865371704102,122.171058654785,121.817268371582,123.476348876953,116.833480834961,117.104217529297,110.21452331543
Cameroon,CMR,"School enrollment, primary (% gross)",SE.PRM.ENRR,103.047027587891,103.225578308105,107.871322631836,105.917327880859,104.816627502441,106.826202392578,106.96159362793,108.961387634277,110.932792663574,110.088912963867,114.635818481445,..,116.243202209473,119.238357543945,119.155067443848
Canada,CAN,"School enrollment, primary (% gross)",SE.PRM.ENRR,..,..,98.0503463745117,96.9873733520508,98.5575180053711,98.716796875,97.8389282226563,98.9050369262695,98.6086196899414,98.2281494140625,99.6285705566406,100.511039733887,101.771476745605,102.803031921387,101.433990478516
Cayman Islands,CYM,"School enrollment, primary (% gross)",SE.PRM.ENRR,..,..,..,..,..,..,..,..,..,..,..,..,..,..,..
Central African Republic,CAF,"School enrollment, primary (% gross)",SE.PRM.ENRR,67.805793762207,67.0858688354492,57.5731201171875,64.0921401977539,63.9466514587402,73.8008117675781,85.0197525024414,86.5974273681641,89.1586608886719,89.811637878418,90.1728668212891,..,..,..,105.667556762695
Chad,TCD,"School enrollment, primary (% gross)",SE.PRM.ENRR,69.9111633300781,71.8149490356445,75.2408065795898,71.7937698364258,71.1406707763672,70.0270309448242,78.0404663085938,82.3842163085938,82.4228210449219,89.3197174072266,93.711669921875,101.13996887207,102.74683380127,92.7653274536133,88.0968170166016
Channel Islands,CHI,"School enrollment, primary (% gross)",SE.PRM.ENRR,..,..,..,..,..,..,..,..,..,..,..,..,..,..,..
Chile,CHL,"School enrollment, primary (% gross)",SE.PRM.ENRR,105.24626159668,103.899017333984,107.679740905762,106.795318603516,106.386123657227,106.634986877441,106.429336547852,104.632316589355,101.367057800293,100.44149017334,99.9265823364258,98.17578125,98.0995712280273,98.7030334472656,99.7986297607422
China,CHN,"School enrollment, primary (% gross)",SE.PRM.ENRR,114.662307739258,118.948318481445,..,..,105.474166870117,107.893592834473,109.653861999512,109.362091064453,107.45686340332,105.906700134277,105.233711242676,103.87622833252,99.2027893066406,99.3332290649414,100.853813171387
Colombia,COL,"School enrollment, primary (% gross)",SE.PRM.ENRR,120.988273620605,..,125.021881103516,127.504470825195,128.717788696289,129.416748046875,129.499893188477,129.685424804688,124.284606933594,120.519973754883,116.562362670898,116.621467590332,113.746131896973,113.562721252441,113.988166809082
Comoros,COM,"School enrollment, primary (% gross)",SE.PRM.ENRR,111.991317749023,110.33235168457,108.185089111328,..,..,103.973182678223,108.641242980957,..,..,108.02465057373,..,107.031791687012,104.974891662598,..,..
"Congo, Dem. Rep.",COD,"School enrollment, primary (% gross)",SE.PRM.ENRR,67.0098037719727,..,..,..,..,93.1673431396484,101.506622314453,100.553726196289,100.062049865723,101.225959777832,105.55689239502,106.619003295898,110.243690490723,108.04337310791,..
"Congo, Rep.",COG,"School enrollment, primary (% gross)",SE.PRM.ENRR,103.090797424316,97.4036865234375,108.51448059082,107.491996765137,107.463256835938,104.626998901367,102.011207580566,105.313140869141,106.912292480469,106.886100769043,104.163459777832,..,..,..,..
Costa Rica,CRI,"School enrollment, primary (% gross)",SE.PRM.ENRR,111.710693359375,..,115.407470703125,112.971038818359,114.784538269043,114.013298034668,115.487319946289,117.031303405762,116.993942260742,115.977272033691,114.557228088379,111.835388183594,110.787132263184,109.817413330078,109.969100952148
Cote d'Ivoire,CIV,"School enrollment, primary (% gross)",SE.PRM.ENRR,75.8875198364258,71.4745635986328,..,..,68.3357925415039,68.8434677124023,72.7777481079102,72.1433410644531,..,80.6411514282227,83.9546432495117,85.3283462524414,88.1207275390625,91.8023223876953,96.7121200561523
Croatia,HRV,"School enrollment, primary (% gross)",SE.PRM.ENRR,99.7809982299805,101.755783081055,..,103.345443725586,100.703247070313,97.7231292724609,93.8475189208984,91.7862777709961,91.9459686279297,93.537727355957,95.8506393432617,98.4079132080078,98.9795532226563,98.0398712158203,95.3957138061523
Cuba,CUB,"School enrollment, primary (% gross)",SE.PRM.ENRR,100.218070983887,98.1251602172852,98.1549377441406,98.2837982177734,98.5415267944336,99.3086471557617,100.00366973877,102.131469726563,103.104957580566,103.117073059082,102.477363586426,100.73526763916,101.610481262207,100.944152832031,..
Curacao,CUW,"School enrollment, primary (% gross)",SE.PRM.ENRR,..,..,..,..,..,..,..,..,..,..,..,172.857147216797,..,..,..
Cyprus,CYP,"School enrollment, primary (% gross)",SE.PRM.ENRR,97.7734527587891,97.6105117797852,97.745231628418,100.857948303223,102.386909484863,102.473838806152,103.351707458496,105.364761352539,101.624328613281,101.200538635254,100.175346374512,99.7619781494141,99.152717590332,99.3001174926758,..
Czech Republic,CZE,"School enrollment, primary (% gross)",SE.PRM.ENRR,101.550216674805,99.0257873535156,98.5944213867188,99.2125396728516,99.9936599731445,103.184577941895,105.738487243652,105.979446411133,103.809310913086,100.758911132813,99.348030090332,98.7073211669922,98.6323928833008,99.4979782104492,..
Denmark,DNK,"School enrollment, primary (% gross)",SE.PRM.ENRR,103.322608947754,..,100.732330322266,98.7315902709961,99.3014373779297,100.014427185059,99.6140670776367,99.5639114379883,99.5807800292969,100.780670166016,101.358299255371,101.550170898438,101.300369262695,101.461723327637,101.804832458496
Djibouti,DJI,"School enrollment, primary (% gross)",SE.PRM.ENRR,38.3386383056641,40.1900100708008,42.1669998168945,43.6285514831543,45.9751892089844,48.2145118713379,57.0684089660645,55.9973411560059,..,61.3428802490234,63.9406509399414,63.8249893188477,65.1153564453125,64.2113876342773,63.5365715026855
Dominica,DMA,"School enrollment, primary (% gross)",SE.PRM.ENRR,108.227409362793,103.99681854248,100.335403442383,99.3998718261719,98.0849685668945,99.6770782470703,101.307350158691,104.733428955078,108.811340332031,114.041481018066,119.012130737305,118.273582458496,117.949111938477,116.012321472168,112.333183288574
Dominican Republic,DOM,"School enrollment, primary (% gross)",SE.PRM.ENRR,115.374931335449,112.874031066895,105.170822143555,105.976531982422,101.688621520996,111.910026550293,107.729583740234,109.543449401855,107.44603729248,105.835502624512,102.91593170166,102.929763793945,100.65453338623,103.490707397461,101.753852844238
East Asia & Pacific,EAS,"School enrollment, primary (% gross)",SE.PRM.ENRR,110.3637,112.54069,108.84905,104.64409,104.4221,106.2933,107.22817,107.43052,106.85582,106.27543,106.00685,104.80112,102.0646,101.88352,102.64825
East Asia & Pacific (excluding high income),EAP,"School enrollment, primary (% gross)",SE.PRM.ENRR,111.29749,113.64267,109.53279,104.95948,104.68904,106.7002,107.72774,107.93389,107.24765,106.60334,106.35408,105.13045,102.20596,102.07443,102.90793
Ecuador,ECU,"School enrollment, primary (% gross)",SE.PRM.ENRR,113.052391052246,112.555458068848,111.952903747559,111.728813171387,111.633682250977,112.936187744141,..,110.776641845703,115.831832885742,116.799880981445,117.546081542969,115.074508666992,113.307769775391,113.817092895508,107.622817993164
"Egypt, Arab Rep.",EGY,"School enrollment, primary (% gross)",SE.PRM.ENRR,93.3265686035156,94.7790908813477,96.2977905273438,96.8983688354492,99.5061721801758,101.507308959961,..,104.01000213623,103.581916809082,98.827880859375,103.007873535156,102.523750305176,101.127746582031,..,103.624519348145
El Salvador,SLV,"School enrollment, primary (% gross)",SE.PRM.ENRR,113.822570800781,115.914848327637,118.613182067871,118.653991699219,118.160079956055,124.020248413086,116.42887878418,115.255996704102,115.488296508789,114.697570800781,112.92505645752,110.210678100586,106.765419006348,103.112602233887,100.225341796875
Equatorial Guinea,GNQ,"School enrollment, primary (% gross)",SE.PRM.ENRR,103.188179016113,93.9303283691406,..,89.2879028320313,..,..,71.6321029663086,69.6972503662109,68.9272079467773,67.5576171875,68.792839050293,..,..,61.5776100158691,..
Eritrea,ERI,"School enrollment, primary (% gross)",SE.PRM.ENRR,66.2878723144531,72.4219436645508,75.7378387451172,76.2545776367188,73.4476699829102,66.2094497680664,61.6002998352051,57.4392013549805,52.9696006774902,55.5346298217773,57.3975715637207,63.1318588256836,55.7090301513672,54.0753402709961,..
Estonia,EST,"School enrollment, primary (% gross)",SE.PRM.ENRR,102.380531311035,101.187942504883,99.6817932128906,98.9073104858398,97.7007675170898,98.914909362793,101.627311706543,103.091499328613,103.05689239502,101.713943481445,100.896873474121,99.4256134033203,97.8086013793945,96.9854278564453,..
Eswatini,SWZ,"School enrollment, primary (% gross)",SE.PRM.ENRR,95.0868377685547,95.5656585693359,100.766059875488,102.704376220703,107.282279968262,109.138519287109,..,108.667098999023,113.060409545898,112.086196899414,111.203392028809,109.874603271484,109.074867248535,107.865951538086,..
Ethiopia,ETH,"School enrollment, primary (% gross)",SE.PRM.ENRR,63.4586715698242,64.8169021606445,67.7524719238281,79.0133972167969,83.3276519775391,89.1654663085938,94.8228530883789,93.5023574829102,91.7759628295898,94.5005722045898,94.5507507324219,..,99.9232025146484,101.944229125977,..
Euro area,EMU,"School enrollment, primary (% gross)",SE.PRM.ENRR,103.26362,103.04248,102.99022,104.04599,104.63435,105.39612,105.60131,105.23182,104.63638,104.07039,103.27124,103.50493,102.96486,103.32741,103.22384
Europe & Central Asia,ECS,"School enrollment, primary (% gross)",SE.PRM.ENRR,103.91519,102.88545,102.26823,101.45431,101.15896,101.42989,101.8512,101.56984,101.71125,101.72606,101.59874,103.04442,102.53866,101.85273,102.40725
Europe & Central Asia (excluding high income),ECA,"School enrollment, primary (% gross)",SE.PRM.ENRR,106.34205,104.44865,102.36991,99.81681,98.84086,98.96486,99.12923,98.73657,99.33348,99.80443,99.53961,101.83491,101.09754,99.73761,100.54633
European Union,EUU,"School enrollment, primary (% gross)",SE.PRM.ENRR,101.94591,101.77232,102.52954,103.08115,103.19073,103.49475,103.90668,103.69538,103.47329,103.07903,103.02006,103.59372,103.2257,102.98545,103.26185
Faroe Islands,FRO,"School enrollment, primary (% gross)",SE.PRM.ENRR,..,..,..,..,..,..,..,..,..,..,..,..,..,..,..
Fiji,FJI,"School enrollment, primary (% gross)",SE.PRM.ENRR,105.843940734863,108.596206665039,112.616760253906,..,113.464477539063,107.522560119629,106.575828552246,105.101699829102,..,104.870956420898,104.982643127441,105.629577636719,..,105.545852661133,..
Finland,FIN,"School enrollment, primary (% gross)",SE.PRM.ENRR,100.390571594238,99.6743927001953,98.782829284668,98.4174728393555,98.0086288452148,98.5552978515625,98.9770126342773,99.2141265869141,99.4837493896484,99.755241394043,100.351417541504,100.351081848145,100.615539550781,100.551109313965,100.421920776367
France,FRA,"School enrollment, primary (% gross)",SE.PRM.ENRR,103.929389953613,103.744201660156,103.281127929688,108.900993347168,108.930282592773,109.526107788086,109.557876586914,109.048599243164,108.390487670898,107.946228027344,106.672119140625,106.31111907959,106.13459777832,107.361419677734,..
French Polynesia,PYF,"School enrollment, primary (% gross)",SE.PRM.ENRR,..,..,..,..,..,..,..,..,..,..,..,..,..,..,..
Gabon,GAB,"School enrollment, primary (% gross)",SE.PRM.ENRR,142.47998046875,138.993423461914,..,..,..,..,..,..,..,138.723526000977,..,..,..,..,..
"Gambia, The",GMB,"School enrollment, primary (% gross)",SE.PRM.ENRR,89.108528137207,92.5708084106445,93.082389831543,90.077507019043,87.8773422241211,89.0789337158203,86.664421081543,84.7590484619141,83.7078704833984,80.8808975219727,83.4863128662109,84.7553787231445,88.2485275268555,91.4906692504883,93.6070022583008
Georgia,GEO,"School enrollment, primary (% gross)",SE.PRM.ENRR,89.4697265625,88.6709289550781,90.7099533081055,89.7578735351563,93.0181579589844,98.3597030639648,100.868476867676,101.643997192383,101.769737243652,102.84504699707,105.499671936035,106.370941162109,105.076530456543,104.319328308105,102.597618103027
Germany,DEU,"School enrollment, primary (% gross)",SE.PRM.ENRR,102.412261962891,101.985420227051,102.784149169922,103.015983581543,104.128089904785,104.707611083984,103.952407836914,103.330467224121,102.935737609863,102.417587280273,102.143058776855,101.701728820801,101.457336425781,102.389053344727,..
Ghana,GHA,"School enrollment, primary (% gross)",SE.PRM.ENRR,83.8664779663086,80.0559463500977,82.9995269775391,88.6706085205078,92.6859588623047,97.3860778808594,102.667030334473,101.741142272949,..,104.283798217773,108.035972595215,107.247993469238,105.36540222168,108.640327453613,106.470367431641
Gibraltar,GIB,"School enrollment, primary (% gross)",SE.PRM.ENRR,..,..,..,..,..,..,..,..,..,..,..,..,..,..,..
Greece,GRC,"School enrollment, primary (% gross)",SE.PRM.ENRR,94.6164627075195,95.4100036621094,96.2669906616211,95.3517913818359,94.8326721191406,94.0506973266602,..,..,95.5594177246094,95.5030975341797,95.8955688476563,95.314567565918,93.9546508789063,95.0495376586914,..
Greenland,GRL,"School enrollment, primary (% gross)",SE.PRM.ENRR,..,..,..,..,..,..,..,..,..,..,..,..,..,..,..
Grenada,GRD,"School enrollment, primary (% gross)",SE.PRM.ENRR,107.231887817383,106.15926361084,104.031303405762,96.962158203125,..,96.2705917358398,99.6480407714844,104.593383789063,103.382263183594,..,..,102.672271728516,103.110443115234,104.850662231445,101.390701293945
Guam,GUM,"School enrollment, primary (% gross)",SE.PRM.ENRR,..,..,..,..,..,..,..,..,..,..,..,..,..,..,..
Guatemala,GTM,"School enrollment, primary (% gross)",SE.PRM.ENRR,103.117073059082,..,108.682258605957,109.85279083252,111.030830383301,111.381187438965,111.982559204102,115.761009216309,115.487129211426,113.629333496094,108.876152038574,106.015060424805,102.579872131348,101.512687683105,100.816917419434
Guinea,GIN,"School enrollment, primary (% gross)",SE.PRM.ENRR,69.4085388183594,73.143669128418,76.5740585327148,78.9531631469727,80.8453216552734,83.0567092895508,84.2161865234375,83.9251708984375,85.9037628173828,88.9988632202148,90.7229766845703,92.470573425293,93.9271011352539,..,..
Guinea-Bissau,GNB,"School enrollment, primary (% gross)",SE.PRM.ENRR,..,..,106.12126159668,113.777923583984,120.138031005859,..,..,..,118.080169677734,..,..,..,..,..,..
Guyana,GUY,"School enrollment, primary (% gross)",SE.PRM.ENRR,..,95.382682800293,..,100.044563293457,96.2787704467773,98.270149230957,99.5506820678711,95.8733367919922,96.6865386962891,98.0755081176758,96.0839462280273,..,..,..,..
Haiti,HTI,"School enrollment, primary (% gross)",SE.PRM.ENRR,..,..,..,..,..,..,..,..,..,..,..,..,..,..,..
Heavily indebted poor countries (HIPC),HPC,"School enrollment, primary (% gross)",SE.PRM.ENRR,81.45512,84.89621,87.89474,90.55267,93.03407,95.2336,98.81931,98.55867,98.58457,98.63402,99.87456,100.1944,100.8989,100.32347,100.36468
High income,HIC,"School enrollment, primary (% gross)",SE.PRM.ENRR,99.74121,99.769,100.04569,100.63622,101.2869,102.09924,102.62353,102.3881,101.90265,101.47071,101.41148,101.7231,101.8128,102.05837,101.94505
Honduras,HND,"School enrollment, primary (% gross)",SE.PRM.ENRR,..,110.058227539063,108.807342529297,105.470169067383,109.699501037598,105.211250305176,106.425491333008,104.845817565918,105.090637207031,103.459991455078,99.8904037475586,97.0128173828125,95.129150390625,96.2222671508789,96.1845092773438
"Hong Kong SAR, China",HKG,"School enrollment, primary (% gross)",SE.PRM.ENRR,..,..,..,..,..,..,..,..,..,..,102.995376586914,105.519248962402,108.3017578125,109.219932556152,107.186378479004
Hungary,HUN,"School enrollment, primary (% gross)",SE.PRM.ENRR,99.0016174316406,98.10498046875,97.485221862793,98.1494369506836,99.5683135986328,98.9952926635742,100.63353729248,101.070098876953,100.851593017578,100.003868103027,99.6801071166992,99.9598083496094,101.828407287598,102.301300048828,101.870918273926
Iceland,ISL,"School enrollment, primary (% gross)",SE.PRM.ENRR,99.5475769042969,98.2853927612305,96.6649017333984,96.8629989624023,97.3098297119141,98.1341323852539,99.2410736083984,99.8762435913086,99.3047866821289,98.8115234375,98.2251510620117,98.1321105957031,98.1836090087891,98.6254272460938,..
India,IND,"School enrollment, primary (% gross)",SE.PRM.ENRR,95.0565719604492,102.994743347168,..,..,..,110.237213134766,110.879768371582,109.590713500977,109.19930267334,108.382637023926,109.77269744873,110.574653625488,107.862358093262,108.495231628418,114.525283813477
Indonesia,IDN,"School enrollment, primary (% gross)",SE.PRM.ENRR,109.885208129883,109.453620910645,108.83625793457,107.837692260742,106.133613586426,109.242630004883,108.082832336426,109.188049316406,110.045967102051,109.996292114258,109.327713012695,106.129501342773,104.737892150879,104.133338928223,103.455039978027
"Iran, Islamic Rep.",IRN,"School enrollment, primary (% gross)",SE.PRM.ENRR,99.4349212646484,98.8374633789063,99.7234573364258,99.5009002685547,103.110946655273,104.333068847656,105.612648010254,106.594367980957,105.259407043457,104.931198120117,104.871032714844,117.988731384277,108.853240966797,108.60578918457,..
Iraq,IRQ,"School enrollment, primary (% gross)",SE.PRM.ENRR,..,105.889839172363,104.374320983887,..,..,108.13395690918,..,..,..,..,..,..,..,..,..
Ireland,IRL,"School enrollment, primary (% gross)",SE.PRM.ENRR,105.921119689941,106.794387817383,106.93717956543,106.510597229004,106.55899810791,107.847961425781,107.868843078613,107.766456604004,106.628479003906,105.041938781738,103.480270385742,102.70337677002,101.95482635498,101.267379760742,100.764488220215
Isle of Man,IMN,"School enrollment, primary (% gross)",SE.PRM.ENRR,..,..,..,..,..,..,..,..,..,..,..,..,..,..,..
Israel,ISR,"School enrollment, primary (% gross)",SE.PRM.ENRR,105.885833740234,105.425262451172,105.078056335449,103.545211791992,102.605499267578,103.133430480957,102.507362365723,102.888107299805,104.250732421875,105.004539489746,105.614082336426,104.462600708008,104.030853271484,104.485870361328,103.629051208496
Italy,ITA,"School enrollment, primary (% gross)",SE.PRM.ENRR,101.381500244141,101.052169799805,100.861503601074,101.300857543945,102.333023071289,103.349327087402,103.408882141113,102.488006591797,101.924728393555,101.501831054688,100.736198425293,101.851867675781,101.595413208008,101.179397583008,..
Jamaica,JAM,"School enrollment, primary (% gross)",SE.PRM.ENRR,96.1640777587891,94.7077026367188,96.2858810424805,..,..,..,..,..,..,..,..,..,..,..,..
Japan,JPN,"School enrollment, primary (% gross)",SE.PRM.ENRR,98.7147979736328,99.2872314453125,100.089912414551,100.3330078125,100.660690307617,100.870620727539,100.667419433594,101.324951171875,101.586578369141,101.8388671875,101.261543273926,100.24089050293,99.5385284423828,98.7999420166016,..
Jordan,JOR,"School enrollment, primary (% gross)",SE.PRM.ENRR,98.3387069702148,99.5049819946289,99.5025405883789,..,..,..,..,..,..,..,..,..,..,..,..
Kazakhstan,KAZ,"School enrollment, primary (% gross)",SE.PRM.ENRR,100.337059020996,101.367553710938,102.200401306152,101.432167053223,100.548767089844,101.991279602051,106.388290405273,107.655746459961,108.030700683594,108.929321289063,109.443092346191,110.869659423828,111.524147033691,110.702651977539,109.015670776367
Kenya,KEN,"School enrollment, primary (% gross)",SE.PRM.ENRR,89.9026870727539,103.793098449707,102.466903686523,101.448448181152,98.4736022949219,104.692489624023,104.655082702637,106.344650268555,..,..,111.962211608887,..,108.107093811035,105.920387268066,105.306991577148
Kiribati,KIR,"School enrollment, primary (% gross)",SE.PRM.ENRR,110.622253417969,116.13614654541,111.882751464844,111.972518920898,108.402961730957,106.012100219727,110.666481018066,110.805809020996,..,..,..,..,113.120018005371,104.463409423828,105.014312744141
"Korea, Dem. People’s Rep.",PRK,"School enrollment, primary (% gross)",SE.PRM.ENRR,..,..,..,..,..,..,..,99.4265365600586,..,..,..,..,..,..,..
"Korea, Rep.",KOR,"School enrollment, primary (% gross)",SE.PRM.ENRR,98.8964691162109,99.887451171875,100.228996276855,101.073768615723,101.689651489258,102.852333068848,102.805297851563,101.940841674805,101.699897766113,101.444190979004,99.6691436767578,97.0212783813477,97.044189453125,97.5880584716797,..
Kosovo,XKX,"School enrollment, primary (% gross)",SE.PRM.ENRR,..,..,..,..,..,..,..,..,..,..,..,..,..,..,..
Kuwait,KWT,"School enrollment, primary (% gross)",SE.PRM.ENRR,98.8441390991211,100.891983032227,102.12085723877,104.493469238281,102.004249572754,104.398460388184,101.554908752441,101.599243164063,102.267036437988,105.406311035156,104.830932617188,103.671356201172,103.386672973633,102.323516845703,100.627990722656
Kyrgyz Republic,KGZ,"School enrollment, primary (% gross)",SE.PRM.ENRR,96.0699615478516,96.8283996582031,98.0988006591797,98.8675308227539,100.130142211914,98.7630081176758,99.016357421875,98.8400573730469,99.3758316040039,99.6802825927734,104.170486450195,107.160499572754,108.491249084473,107.876808166504,106.396919250488
Lao PDR,LAO,"School enrollment, primary (% gross)",SE.PRM.ENRR,105.879341125488,108.114448547363,109.841857910156,112.181648254395,114.414268493652,116.252243041992,119.054107666016,121.524917602539,123.725372314453,122.587799072266,121.29109954834,120.600357055664,118.868583679199,114.822326660156,110.48738861084
Latin America & Caribbean,LCN,"School enrollment, primary (% gross)",SE.PRM.ENRR,119.17831,117.54941,116.23692,115.82122,115.07819,114.81202,115.07009,114.9042,113.69373,114.65042,113.68006,108.88048,108.30725,109.01952,108.69377
Latin America & Caribbean (excluding high income),LAC,"School enrollment, primary (% gross)",SE.PRM.ENRR,119.89089,118.19568,116.68758,116.26843,115.48259,115.18721,115.46043,115.33701,114.16169,115.23958,114.2379,109.26543,108.67793,109.41732,109.04708
Latvia,LVA,"School enrollment, primary (% gross)",SE.PRM.ENRR,96.7786636352539,95.4561767578125,93.5456085205078,93.9583892822266,96.590950012207,99.0151062011719,103.570579528809,106.769599914551,108.674583435059,107.038063049316,103.605781555176,100.772857666016,98.4277114868164,98.4011306762695,..
Least developed countries: UN classification,LDC,"School enrollment, primary (% gross)",SE.PRM.ENRR,85.37188,88.61227,91.02828,93.20589,95.55906,97.09905,99.54656,100.01625,100.41528,102.10041,103.20311,103.85972,104.06473,103.18717,102.85226
Lebanon,LBN,"School enrollment, primary (% gross)",SE.PRM.ENRR,120.154090881348,112.403327941895,107.488006591797,103.365142822266,100.64533996582,101.97248840332,102.561683654785,103.998802185059,104.696517944336,103.750350952148,99.1605606079102,97.3038711547852,94.313606262207,92.559700012207,89.0883407592773
Lesotho,LSO,"School enrollment, primary (% gross)",SE.PRM.ENRR,118.055030822754,120.427093505859,118.954612731934,117.092910766602,117.553550720215,111.102401733398,110.342720031738,109.432411193848,110.42700958252,110.628372192383,110.40022277832,107.279037475586,106.323997497559,104.749450683594,103.900192260742
Liberia,LBR,"School enrollment, primary (% gross)",SE.PRM.ENRR,..,..,..,..,92.7672271728516,..,93.5005264282227,99.8958511352539,..,102.641151428223,..,..,95.8603515625,94.089469909668,..
Libya,LBY,"School enrollment, primary (% gross)",SE.PRM.ENRR,103.280960083008,103.328620910645,105.621658325195,102.308120727539,109.309112548828,..,..,..,..,..,..,..,..,..,..
Liechtenstein,LIE,"School enrollment, primary (% gross)",SE.PRM.ENRR,..,106.124397277832,109.152221679688,..,107.511962890625,107.112167358398,105.525672912598,105.698707580566,105.459182739258,104.950500488281,103.828002929688,..,102.660987854004,105.665420532227,105.491020202637
Lithuania,LTU,"School enrollment, primary (% gross)",SE.PRM.ENRR,100.167907714844,97.5280838012695,95.4633865356445,94.4214935302734,96.3230972290039,98.6432723999023,99.5481719970703,100.886581420898,100.298950195313,98.6430130004883,98.849006652832,99.6199035644531,100.257797241211,100.217056274414,101.336212158203
Low & middle income,LMY,"School enrollment, primary (% gross)",SE.PRM.ENRR,100.75481,103.55979,103.27136,102.6351,103.2276,104.4574,105.08756,105.06058,104.7919,104.92458,105.42628,105.00417,103.15462,103.11227,104.60543
Low income,LIC,"School enrollment, primary (% gross)",SE.PRM.ENRR,83.24811,87.04714,89.84104,92.38523,95.29443,97.61554,100.91789,101.25777,101.17907,101.20775,101.88916,101.85484,102.2935,101.02282,100.9836
Lower middle income,LMC,"School enrollment, primary (% gross)",SE.PRM.ENRR,95.99487,99.73074,101.03793,102.21697,102.71914,103.70875,103.46702,103.54862,104.00555,104.62409,105.8158,105.79598,103.73067,103.86855,106.37707
Luxembourg,LUX,"School enrollment, primary (% gross)",SE.PRM.ENRR,100.316017150879,99.4107894897461,100.153396606445,100.808982849121,101.466247558594,101.531448364258,100.615608215332,..,97.6142272949219,96.5531463623047,97.0472106933594,96.5383071899414,97.1141204833984,98.6271286010742,..
"Macao SAR, China",MAC,"School enrollment, primary (% gross)",SE.PRM.ENRR,102.813179016113,101.058387756348,100.791221618652,99.8131866455078,98.3689727783203,99.8695983886719,99.4681930541992,96.6180267333984,95.7540893554688,96.1087799072266,96.662109375,97.9900436401367,100.891441345215,103.384773254395,105.841369628906
"Macedonia, FYR",MKD,"School enrollment, primary (% gross)",SE.PRM.ENRR,94.878059387207,93.1768112182617,93.0539093017578,93.5559234619141,92.6584167480469,92.1797409057617,87.661491394043,87.4715194702148,87.384521484375,..,87.1350021362305,90.9561004638672,91.4052734375,93.8876037597656,..
Madagascar,MDG,"School enrollment, primary (% gross)",SE.PRM.ENRR,103.30052947998,118.254737854004,134.49235534668,138.899475097656,138.405807495117,139.236770629883,142.004898071289,149.30729675293,143.717803955078,143.411895751953,143.978378295898,143.895278930664,145.249145507813,147.3154296875,143.824188232422
Malawi,MWI,"School enrollment, primary (% gross)",SE.PRM.ENRR,133.971130371094,..,126.483940124512,124.28199005127,123.662841796875,120.756858825684,127.776512145996,126.509338378906,133.02116394043,135.158111572266,136.285934448242,141.747131347656,142.233520507813,141.184814453125,139.264495849609
Malaysia,MYS,"School enrollment, primary (% gross)",SE.PRM.ENRR,96.5368118286133,97.3051376342773,99.6800537109375,100.01318359375,98.8663330078125,98.2840805053711,98.4485931396484,99.1863174438477,100.244972229004,101.782669067383,103.528350830078,105.320472717285,104.582893371582,103.291229248047,103.484672546387
Maldives,MDV,"School enrollment, primary (% gross)",SE.PRM.ENRR,125.754623413086,126.185211181641,125.299392700195,119.099853515625,117.373512268066,112.382911682129,109.526138305664,107.384078979492,..,..,..,..,..,101.05037689209,101.509391784668
Mali,MLI,"School enrollment, primary (% gross)",SE.PRM.ENRR,66.0202865600586,67.5346298217773,70.5926284790039,73.7725219726563,76.6019821166992,79.1377487182617,81.1326217651367,82.5794677734375,83.3048629760742,84.0795288085938,80.8023071289063,75.9674606323242,76.9823608398438,75.5932693481445,77.0798873901367
Malta,MLT,"School enrollment, primary (% gross)",SE.PRM.ENRR,103.860191345215,101.530479431152,100.423500061035,96.8709106445313,96.3745422363281,96.1212692260742,96.6533126831055,93.3807678222656,99.0053863525391,99.0211029052734,98.738899230957,100.11003112793,101.896377563477,103.414390563965,104.542617797852
Marshall Islands,MHL,"School enrollment, primary (% gross)",SE.PRM.ENRR,120.453918457031,109.760322570801,120.719932556152,116.049560546875,115.793899536133,112.272789001465,110.446182250977,107.652870178223,..,105.402069091797,..,..,..,93.3998565673828,89.2949523925781
Mauritania,MRT,"School enrollment, primary (% gross)",SE.PRM.ENRR,82.6549835205078,84.6254196166992,90.8811416625977,90.6448516845703,93.0455017089844,94.2467269897461,90.0325012207031,95.1486968994141,96.2167510986328,94.7979125976563,95.5309982299805,95.7320785522461,97.1463775634766,101.211479187012,93.8647079467773
Mauritius,MUS,"School enrollment, primary (% gross)",SE.PRM.ENRR,101.501457214355,101.414619445801,102.042037963867,103.225540161133,103.93522644043,103.58659362793,103.78800201416,102.786659240723,102.786018371582,102.993026733398,103.00025177002,101.955047607422,102.446350097656,102.920539855957,102.453407287598
Mexico,MEX,"School enrollment, primary (% gross)",SE.PRM.ENRR,106.933738708496,106.668647766113,105.711639404297,104.64656829834,103.355400085449,103.259452819824,103.501266479492,104.58854675293,105.111961364746,105.769958496094,106.396881103516,106.088600158691,105.178321838379,104.117538452148,103.932769775391
"Micronesia, Fed. Sts.",FSM,"School enrollment, primary (% gross)",SE.PRM.ENRR,..,..,113.147758483887,111.30655670166,..,111.639129638672,..,..,..,..,..,..,97.6253814697266,95.5283966064453,..
Middle East & North Africa,MEA,"School enrollment, primary (% gross)",SE.PRM.ENRR,98.15219,99.42469,100.21706,100.58195,101.93135,103.05489,103.58946,104.61457,104.80455,104.34284,105.69467,105.99082,103.82229,104.48132,103.78982
Middle East & North Africa (excluding high income),MNA,"School enrollment, primary (% gross)",SE.PRM.ENRR,98.73643,100.01103,100.76373,101.02814,102.40648,103.40982,103.86075,104.82909,104.82994,104.27049,105.48193,105.33758,102.67514,103.15495,102.77958
Middle income,MIC,"School enrollment, primary (% gross)",SE.PRM.ENRR,103.30146,106.0645,105.31243,104.24699,104.51711,105.60433,105.80747,105.73627,105.44988,105.61832,106.09985,105.61493,103.32354,103.53053,105.34151
Moldova,MDA,"School enrollment, primary (% gross)",SE.PRM.ENRR,99.478889465332,99.4865417480469,99.8228530883789,97.8913116455078,96.6526718139648,94.4176788330078,94.0298690795898,93.5775604248047,93.5407791137695,93.6029815673828,93.7979736328125,93.768310546875,93.0642166137695,92.4127807617188,..
Monaco,MCO,"School enrollment, primary (% gross)",SE.PRM.ENRR,..,..,..,..,..,..,..,..,..,..,..,..,..,..,..
Mongolia,MNG,"School enrollment, primary (% gross)",SE.PRM.ENRR,102.060173034668,105.397117614746,108.516822814941,97.9669876098633,100.796287536621,100.028007507324,103.524353027344,114.473983764648,125.677673339844,122.064971923828,116.83992767334,108.933563232422,101.86888885498,101.252326965332,104.20548248291
Montenegro,MNE,"School enrollment, primary (% gross)",SE.PRM.ENRR,..,107.350250244141,108.179710388184,112.689987182617,116.996856689453,119.2919921875,121.915908813477,115.850166320801,110.445053100586,98.3141708374023,97.3432464599609,..,..,95.4685211181641,96.0264663696289
Morocco,MAR,"School enrollment, primary (% gross)",SE.PRM.ENRR,102.103981018066,104.763397216797,105.273071289063,105.804130554199,105.776626586914,107.683982849121,107.31575012207,107.090751647949,109.561859130859,110.510192871094,110.441467285156,110.010437011719,109.675666809082,109.296821594238,110.258346557617
Mozambique,MOZ,"School enrollment, primary (% gross)",SE.PRM.ENRR,82.5007095336914,..,90.935546875,97.2819595336914,99.3368835449219,105.065872192383,109.053901672363,109.191841125488,110.118721008301,106.148429870605,104.953193664551,105.845970153809,105.467796325684,106.31649017334,..
Myanmar,MMR,"School enrollment, primary (% gross)",SE.PRM.ENRR,99.9682464599609,101.831169128418,101.848457336426,101.097961425781,100.61353302002,100.420463562012,101.010871887207,99.3167037963867,98.7386093139648,..,..,..,101.872611999512,..,..
Namibia,NAM,"School enrollment, primary (% gross)",SE.PRM.ENRR,112.903877258301,112.191131591797,109.404022216797,108.806297302246,107.854736328125,109.419807434082,108.578857421875,108.067909240723,107.473876953125,..,109.375770568848,111.314651489258,..,..,..
Nauru,NRU,"School enrollment, primary (% gross)",SE.PRM.ENRR,97.2067031860352,87.8594207763672,101.124336242676,125.224601745605,104.344566345215,92.0954513549805,92.9577484130859,..,..,..,95.4611968994141,..,105.76407623291,..,107.045593261719
Nepal,NPL,"School enrollment, primary (% gross)",SE.PRM.ENRR,118.110336303711,115.688011169434,116.681793212891,115.430511474609,128.130645751953,128.233413696289,125.824020385742,137.218017578125,142.115615844727,145.128082275391,142.26579284668,138.072784423828,134.754455566406,134.941055297852,135.384796142578
Netherlands,NLD,"School enrollment, primary (% gross)",SE.PRM.ENRR,107.458396911621,107.494567871094,106.89119720459,106.739326477051,107.04434967041,107.728507995605,108.269836425781,108.443069458008,108.275810241699,107.496589660645,105.834396362305,104.202651977539,102.424789428711,102.694976806641,103.286758422852
New Caledonia,NCL,"School enrollment, primary (% gross)",SE.PRM.ENRR,..,..,..,..,..,..,..,..,..,..,..,..,..,..,..
New Zealand,NZL,"School enrollment, primary (% gross)",SE.PRM.ENRR,97.3849868774414,98.4325637817383,98.5334167480469,99.7179489135742,100.179618835449,100.602317810059,100.978866577148,101.063026428223,101.110939025879,99.7816772460938,98.3520889282227,97.9450912475586,97.6199798583984,97.9427795410156,98.8183364868164
Nicaragua,NIC,"School enrollment, primary (% gross)",SE.PRM.ENRR,116.464340209961,117.540641784668,120.034576416016,121.067008972168,124.766891479492,124.089988708496,124.016342163086,..,123.258857727051,..,..,..,..,..,..
Niger,NER,"School enrollment, primary (% gross)",SE.PRM.ENRR,39.5149612426758,42.7110214233398,46.6349105834961,48.3465995788574,48.9696617126465,51.444580078125,55.2746315002441,59.0265998840332,62.6736602783203,66.4919891357422,68.5235900878906,69.3525085449219,69.7914428710938,71.816291809082,73.6914215087891
Nigeria,NGA,"School enrollment, primary (% gross)",SE.PRM.ENRR,97.9575271606445,99.4203109741211,100.631072998047,101.319671630859,102.062690734863,93.2689971923828,84.1006088256836,85.3469467163086,85.0738220214844,90.6205520629883,92.0379333496094,94.0653076171875,..,..,..
North America,NAC,"School enrollment, primary (% gross)",SE.PRM.ENRR,98.41002,98.33031,97.83643,98.51047,99.64714,101.04359,101.77814,101.10064,99.54194,98.76993,98.47878,98.49004,98.82726,99.56814,99.45823
Northern Mariana Islands,MNP,"School enrollment, primary (% gross)",SE.PRM.ENRR,..,..,..,..,..,..,..,..,..,..,..,..,..,..,..
Norway,NOR,"School enrollment, primary (% gross)",SE.PRM.ENRR,100.199493408203,99.984977722168,99.3522033691406,98.5114974975586,98.5950088500977,99.0758209228516,99.2626724243164,99.1536026000977,99.0794219970703,99.4024124145508,99.8926391601563,100.233489990234,99.8314666748047,99.9040069580078,100.225883483887
OECD members,OED,"School enrollment, primary (% gross)",SE.PRM.ENRR,102.644493103027,102.42204284668,102.488609313965,102.723686218262,102.725891113281,103.110321044922,103.294311523438,102.920928955078,102.557426452637,102.381210327148,102.168746948242,102.692001342773,102.488639831543,..,..
Oman,OMN,"School enrollment, primary (% gross)",SE.PRM.ENRR,92.7239990234375,91.9391098022461,..,92.6645278930664,91.6871185302734,93.623161315918,95.7618713378906,102.82356262207,..,102.548973083496,104.650497436523,109.482528686523,110.417739868164,109.047813415527,108.608016967773
Pakistan,PAK,"School enrollment, primary (% gross)",SE.PRM.ENRR,75.5188827514648,78.0131530761719,83.0699005126953,87.8742523193359,84.7205123901367,90.885139465332,91.8804702758789,93.6644821166992,95.4127731323242,91.660041809082,91.1007614135742,89.5059661865234,93.2463836669922,92.4091491699219,97.7096176147461
Palau,PLW,"School enrollment, primary (% gross)",SE.PRM.ENRR,..,110.094291687012,102.884078979492,102.208381652832,102.983222961426,101.445472717285,..,..,..,..,..,114.781402587891,114.856338500977,..,..
Panama,PAN,"School enrollment, primary (% gross)",SE.PRM.ENRR,108.843200683594,107.541969299316,108.618209838867,107.221160888672,107.456497192383,108.544380187988,107.400398254395,105.710311889648,105.064651489258,104.451011657715,103.170539855957,102.059577941895,98.9980392456055,95.9894409179688,..
Papua New Guinea,PNG,"School enrollment, primary (% gross)",SE.PRM.ENRR,60.2394218444824,56.5918388366699,56.3261108398438,57.2529411315918,55.6394195556641,..,59.6410789489746,..,..,..,112.42414855957,..,..,..,..
Paraguay,PRY,"School enrollment, primary (% gross)",SE.PRM.ENRR,117.898323059082,113.61888885498,112.166900634766,111.939071655273,109.109771728516,106.986099243164,105.234191894531,104.011077880859,103.925903320313,102.948661804199,105.987380981445,..,..,..,..
Peru,PER,"School enrollment, primary (% gross)",SE.PRM.ENRR,120.459396362305,118.941833496094,118.030067443848,117.47492980957,116.801536560059,116.518463134766,112.892532348633,111.105247497559,110.365013122559,107.357162475586,101.44091796875,103.107231140137,101.420631408691,101.695106506348,103.135429382324
Philippines,PHL,"School enrollment, primary (% gross)",SE.PRM.ENRR,107.971946716309,107.822578430176,106.815567016602,105.949203491211,103.945022583008,104.286666870117,105.977821350098,108.084487915039,..,..,..,114.576446533203,..,113.007041931152,..
Poland,POL,"School enrollment, primary (% gross)",SE.PRM.ENRR,97.0819702148438,96.0196685791016,95.1901092529297,94.5408020019531,94.5799789428711,94.7144393920898,94.8540115356445,95.5974273681641,96.5907135009766,97.4982376098633,99.7170104980469,99.7767868041992,99.3365631103516,104.975028991699,110.104690551758
Portugal,PRT,"School enrollment, primary (% gross)",SE.PRM.ENRR,118.353561401367,118.809173583984,117.941329956055,117.474319458008,117.411849975586,116.44229888916,115.151649475098,112.660697937012,111.091506958008,110.27823638916,109.124229431152,109.019912719727,107.605903625488,106.46703338623,105.246139526367
Puerto Rico,PRI,"School enrollment, primary (% gross)",SE.PRM.ENRR,..,..,..,..,..,..,..,93.4568786621094,94.0654067993164,86.4752731323242,87.7917022705078,87.9676284790039,88.013298034668,86.6929397583008,..
Qatar,QAT,"School enrollment, primary (% gross)",SE.PRM.ENRR,107.975257873535,110.521240234375,105.076049804688,105.441482543945,97.0698471069336,105.778861999512,105.765998840332,107.484352111816,105.282958984375,106.243637084961,102.328582763672,98.0725402832031,99.3470077514648,102.997619628906,103.669548034668
Romania,ROU,"School enrollment, primary (% gross)",SE.PRM.ENRR,100.738380432129,104.371276855469,110.831848144531,108.449806213379,104.462356567383,102.828773498535,97.7165985107422,97.736442565918,97.5745315551758,97.0597534179688,96.0751876831055,..,..,90.4418792724609,89.448356628418
Russian Federation,RUS,"School enrollment, primary (% gross)",SE.PRM.ENRR,113.966400146484,121.085838317871,..,95.2710418701172,95.0487594604492,95.706901550293,97.5375137329102,99.2288513183594,..,100.927772521973,101.194221496582,100.26643371582,98.6529312133789,100.681777954102,102.076332092285
Rwanda,RWA,"School enrollment, primary (% gross)",SE.PRM.ENRR,115.522438049316,125.277526855469,134.870895385742,137.654754638672,144.426406860352,148.12419128418,145.931716918945,146.524002075195,145.110641479492,144.364486694336,144.002944946289,140.527557373047,136.442932128906,135.501373291016,137.02116394043
Samoa,WSM,"School enrollment, primary (% gross)",SE.PRM.ENRR,104.939331054688,107.444557189941,108.976821899414,109.370918273926,108.60945892334,107.959381103516,..,106.414352416992,110.732093811035,106.498321533203,105.10221862793,..,106.026382446289,106.567642211914,107.647392272949
San Marino,SMR,"School enrollment, primary (% gross)",SE.PRM.ENRR,..,..,..,..,..,..,..,92.9460601806641,94.3746337890625,91.9411773681641,93.3017196655273,..,..,..,..
Sao Tome and Principe,STP,"School enrollment, primary (% gross)",SE.PRM.ENRR,121.89234161377,124.758750915527,125.723930358887,126.496719360352,..,119.275917053223,120.01473236084,120.481369018555,117.694137573242,117.770866394043,109.956527709961,109.900650024414,106.928512573242,108.44490814209,109.508331298828
Saudi Arabia,SAU,"School enrollment, primary (% gross)",SE.PRM.ENRR,..,..,..,95.4535675048828,..,100.0888671875,102.287666320801,104.169143676758,106.07502746582,106.068298339844,109.371398925781,115.614166259766,118.197776794434,120.64363861084,116.243377685547
Senegal,SEN,"School enrollment, primary (% gross)",SE.PRM.ENRR,71.1786880493164,75.0091781616211,77.1624984741211,79.0472793579102,79.2263717651367,82.8128509521484,83.3592376708984,83.1158065795898,83.1219863891602,85.847053527832,85.515007019043,83.2380905151367,84.1501388549805,83.5215606689453,83.0852890014648
Serbia,SRB,"School enrollment, primary (% gross)",SE.PRM.ENRR,102.119522094727,101.065238952637,101.55493927002,102.747093200684,101.839546203613,101.062149047852,100.629577636719,97.6857986450195,95.8957595825195,101.493446350098,100.571311950684,100.895538330078,101.131156921387,101.342918395996,100.571273803711
Seychelles,SYC,"School enrollment, primary (% gross)",SE.PRM.ENRR,105.411331176758,106.232490539551,102.544616699219,109.077980041504,107.218231201172,107.572822570801,107.56551361084,107.692306518555,110.431793212891,112.995452880859,114.396530151367,114.432579040527,115.430969238281,116.093139648438,112.827262878418
Sierra Leone,SLE,"School enrollment, primary (% gross)",SE.PRM.ENRR,..,..,..,..,..,..,..,..,..,110.72998046875,113.366729736328,114.874717712402,..,112.749710083008,114.836082458496
Singapore,SGP,"School enrollment, primary (% gross)",SE.PRM.ENRR,..,..,..,..,..,..,..,..,..,..,..,..,..,..,100.773208618164
Sint Maarten (Dutch part),SXM,"School enrollment, primary (% gross)",SE.PRM.ENRR,..,..,..,..,..,..,..,..,..,..,..,..,..,..,..
Slovak Republic,SVK,"School enrollment, primary (% gross)",SE.PRM.ENRR,99.5002365112305,98.5038604736328,97.7445297241211,98.2164077758789,100.58846282959,103.002006530762,103.954322814941,102.948471069336,101.45189666748,100.30396270752,100.522956848145,100.585220336914,99.7796783447266,98.5226135253906,..
Slovenia,SVN,"School enrollment, primary (% gross)",SE.PRM.ENRR,104.981750488281,110.442481994629,122.016906738281,100.128982543945,101.396911621094,97.8284072875977,98.1341705322266,98.6306381225586,98.9694137573242,99.3017501831055,99.7321090698242,99.3749084472656,99.1404418945313,99.3842163085938,..
Solomon Islands,SLB,"School enrollment, primary (% gross)",SE.PRM.ENRR,94.818359375,..,..,100.600257873535,106.107330322266,107.14037322998,..,..,114.631332397461,115.703903198242,112.831100463867,113.90673828125,113.229187011719,113.531997680664,114.751342773438
Somalia,SOM,"School enrollment, primary (% gross)",SE.PRM.ENRR,..,..,..,..,..,23.5478591918945,..,..,..,..,..,..,..,..,..
South Africa,ZAF,"School enrollment, primary (% gross)",SE.PRM.ENRR,104.374977111816,104.565696716309,104.319129943848,102.640548706055,101.804321289063,102.514747619629,101.264213562012,99.6305618286133,97.8872375488281,96.6603927612305,96.907600402832,97.2345123291016,98.4859008789063,102.79988861084,..
South Asia,SAS,"School enrollment, primary (% gross)",SE.PRM.ENRR,92.95145,99.61457,101.84871,103.62597,105.00269,106.87132,107.24523,106.90936,107.32469,107.13841,108.59425,109.29721,107.66246,107.93628,112.71942
South Sudan,SSD,"School enrollment, primary (% gross)",SE.PRM.ENRR,..,..,..,..,..,..,..,..,..,84.7618026733398,..,..,..,66.5893402099609,..
Spain,ESP,"School enrollment, primary (% gross)",SE.PRM.ENRR,103.387268066406,103.239730834961,103.483108520508,102.897941589355,103.553192138672,105.305061340332,106.735511779785,106.852920532227,105.450668334961,104.391670227051,103.179100036621,105.144569396973,104.198707580566,104.431060791016,103.871170043945
Sri Lanka,LKA,"School enrollment, primary (% gross)",SE.PRM.ENRR,106.02880859375,102.779808044434,97.6760864257813,99.6278381347656,98.9783782958984,98.3921585083008,97.4203262329102,95.0826416015625,99.706413269043,99.7330627441406,100.07356262207,100.616340637207,101.243339538574,101.67652130127,101.897270202637
St. Kitts and Nevis,KNA,"School enrollment, primary (% gross)",SE.PRM.ENRR,..,..,..,..,..,..,..,..,..,..,..,..,..,..,..
St. Lucia,LCA,"School enrollment, primary (% gross)",SE.PRM.ENRR,103.526390075684,103.34342956543,101.877510070801,102.813148498535,107.290740966797,100.722450256348,..,..,..,..,..,..,..,..,..
St. Martin (French part),MAF,"School enrollment, primary (% gross)",SE.PRM.ENRR,..,..,..,..,..,..,..,..,..,..,..,..,..,..,..
St. Vincent and the Grenadines,VCT,"School enrollment, primary (% gross)",SE.PRM.ENRR,114.471519470215,119.40901184082,114.129516601563,118.16316986084,..,108.9541015625,108.131439208984,105.97811126709,105.035293579102,99.6346588134766,105.330993652344,105.324668884277,104.718452453613,104.537628173828,103.340393066406
Sub-Saharan Africa,SSF,"School enrollment, primary (% gross)",SE.PRM.ENRR,86.10904,88.67175,90.62908,92.8502,94.50235,95.14981,96.21218,96.40425,96.17499,97.56653,98.4478,98.84845,97.62495,97.2543,97.31466
Sub-Saharan Africa (excluding high income),SSA,"School enrollment, primary (% gross)",SE.PRM.ENRR,86.10752,88.67044,90.62823,92.84911,94.50152,95.14904,96.21151,96.40361,96.17422,97.56574,98.44701,98.8477,97.62411,97.25342,97.31393
Sudan,SDN,"School enrollment, primary (% gross)",SE.PRM.ENRR,59.8529281616211,61.1314392089844,62.2616996765137,63.3959197998047,67.8891372680664,67.417236328125,72.9899368286133,72.5579299926758,71.9720306396484,69.7524108886719,71.2091293334961,72.3852081298828,..,73.5941009521484,..
Suriname,SUR,"School enrollment, primary (% gross)",SE.PRM.ENRR,104.985000610352,..,..,105.664848327637,106.451042175293,104.892959594727,112.702598571777,115.69164276123,116.312721252441,115.334579467773,116.609352111816,117.354049682617,118.293029785156,121.117866516113,120.963958740234
Sweden,SWE,"School enrollment, primary (% gross)",SE.PRM.ENRR,108.501747131348,107.284942626953,97.3178176879883,95.8049926757813,95.6480865478516,96.6968765258789,98.7129211425781,99.900520324707,101.435501098633,100.42845916748,101.926170349121,120.428901672363,120.860816955566,122.938789367676,..
Switzerland,CHE,"School enrollment, primary (% gross)",SE.PRM.ENRR,104.223350524902,103.628112792969,102.964363098145,101.950828552246,101.646018981934,101.781967163086,102.228523254395,102.537178039551,102.566299438477,102.842628479004,102.893348693848,103.347808837891,103.238479614258,103.946617126465,104.406616210938
Syrian Arab Republic,SYR,"School enrollment, primary (% gross)",SE.PRM.ENRR,111.747589111328,121.341361999512,120.733947753906,120.168357849121,117.796020507813,116.469146728516,116.31974029541,116.28524017334,118.70043182373,124.125762939453,125.303649902344,75.9923095703125,..,..,..
Tajikistan,TJK,"School enrollment, primary (% gross)",SE.PRM.ENRR,97.2735214233398,99.1848907470703,98.4809875488281,98.5514678955078,97.5118103027344,96.1263122558594,98.0918579101563,98.2578811645508,99.2247772216797,98.8520812988281,98.7445907592773,98.5199737548828,95.8945388793945,95.1809234619141,95.7095108032227
Tanzania,TZA,"School enrollment, primary (% gross)",SE.PRM.ENRR,87.6264190673828,93.7463607788086,98.6089630126953,102.268943786621,105.13916015625,106.649230957031,107.054130554199,101.170852661133,97.3984909057617,92.0196685791016,88.7566604614258,85.5432510375977,82.6245574951172,80.7431335449219,..
Thailand,THA,"School enrollment, primary (% gross)",SE.PRM.ENRR,98.6652908325195,..,101.409286499023,101.90454864502,101.785133361816,101.3408203125,100.77725982666,99.1096496582031,96.7844390869141,96.6745986938477,96.9402313232422,96.8311386108398,102.03101348877,100.586410522461,..
Timor-Leste,TLS,"School enrollment, primary (% gross)",SE.PRM.ENRR,108.70157623291,102.730346679688,96.803352355957,89.2818603515625,..,..,98.7853622436523,106.299758911133,118.86686706543,126.324501037598,127.326202392578,125.654190063477,121.61612701416,116.409530639648,109.481033325195
Togo,TGO,"School enrollment, primary (% gross)",SE.PRM.ENRR,117.767227172852,115.391929626465,114.334442138672,113.32462310791,116.966163635254,110.756401062012,111.199127197266,125.116157531738,127.187759399414,124.330497741699,126.606353759766,126.634063720703,123.010772705078,119.759536743164,123.916122436523
Tonga,TON,"School enrollment, primary (% gross)",SE.PRM.ENRR,109.269203186035,115.18058013916,111.492607116699,111.80989074707,111.475952148438,110.898109436035,108.742736816406,108.199592590332,108.361198425293,108.649612426758,110.390357971191,109.718246459961,108.039947509766,..,..
Trinidad and Tobago,TTO,"School enrollment, primary (% gross)",SE.PRM.ENRR,96.5161209106445,100.531761169434,101.719360351563,99.2607269287109,..,104.621292114258,106.335609436035,106.531150817871,106.160293579102,..,..,..,..,..,..
Tunisia,TUN,"School enrollment, primary (% gross)",SE.PRM.ENRR,114.52490234375,113.771926879883,112.734169006348,111.747383117676,109.774810791016,105.960983276367,104.902488708496,105.461318969727,107.209213256836,107.723861694336,109.830558776855,111.282386779785,113.163948059082,114.344627380371,114.708549499512
Turkey,TUR,"School enrollment, primary (% gross)",SE.PRM.ENRR,106.662467956543,103.431289672852,103.292510986328,103.18049621582,102.626007080078,102.89518737793,102.481842041016,100.098220825195,101.275337219238,101.049728393555,98.6739501953125,107.271980285645,106.506332397461,103.285369873047,..
Turkmenistan,TKM,"School enrollment, primary (% gross)",SE.PRM.ENRR,..,..,..,..,..,..,..,..,..,..,..,..,88.401741027832,..,..
Turks and Caicos Islands,TCA,"School enrollment, primary (% gross)",SE.PRM.ENRR,..,..,..,..,..,..,..,..,..,..,..,..,..,..,..
Tuvalu,TUV,"School enrollment, primary (% gross)",SE.PRM.ENRR,91.057487487793,94.1176528930664,97.0954437255859,99.5195617675781,100.068542480469,..,..,..,..,..,..,..,113.589126586914,119.230766296387,..
Uganda,UGA,"School enrollment, primary (% gross)",SE.PRM.ENRR,135.276824951172,135.404342651367,126.367332458496,119.700691223145,118.017143249512,116.712463378906,119.035629272461,119.742607116699,116.78662109375,109.088729858398,108.446067810059,106.606521606445,..,98.0790634155273,99.7509765625
Ukraine,UKR,"School enrollment, primary (% gross)",SE.PRM.ENRR,124.893379211426,97.2770004272461,96.6337814331055,106.41934967041,100.058143615723,97.9949035644531,96.8679504394531,96.7688598632813,98.7782592773438,100.629112243652,101.134170532227,101.679557800293,99.8774795532227,..,..
United Arab Emirates,ARE,"School enrollment, primary (% gross)",SE.PRM.ENRR,..,..,..,..,..,101.537536621094,..,95.3558502197266,97.8810577392578,98.1090316772461,101.453727722168,100.363189697266,104.894058227539,113.546508789063,110.871620178223
United Kingdom,GBR,"School enrollment, primary (% gross)",SE.PRM.ENRR,99.7483291625977,99.9073333740234,105.832809448242,106.282051086426,104.982849121094,103.200439453125,105.087181091309,104.367408752441,104.747596740723,104.681861877441,106.52619934082,107.341743469238,107.557891845703,101.909240722656,..
United States,USA,"School enrollment, primary (% gross)",SE.PRM.ENRR,98.3368530273438,98.3032836914063,97.8151779174805,98.6573791503906,99.7521820068359,101.264938354492,102.146263122559,101.302772521973,99.6271820068359,98.8197174072266,98.3792724609375,98.3137435913086,98.5680313110352,99.2794418334961,..
Upper middle income,UMC,"School enrollment, primary (% gross)",SE.PRM.ENRR,113.50693,115.32908,111.27176,107.20089,107.20996,108.53366,109.52194,109.28652,107.81854,107.26789,106.57402,105.3161,102.64747,102.96841,103.62568
Uruguay,URY,"School enrollment, primary (% gross)",SE.PRM.ENRR,110.203369140625,111.16136932373,112.631332397461,113.898979187012,115.301086425781,114.698219299316,113.939140319824,113.365592956543,112.071403503418,..,..,109.728179931641,108.554718017578,107.423179626465,..
Uzbekistan,UZB,"School enrollment, primary (% gross)",SE.PRM.ENRR,98.1355361938477,96.9760589599609,96.5031890869141,96.7348022460938,95.8968734741211,94.2908782958984,93.2223205566406,92.5404586791992,93.6559906005859,94.2439498901367,96.057861328125,97.3485870361328,98.0859069824219,99.4070281982422,100.967193603516
Vanuatu,VUT,"School enrollment, primary (% gross)",SE.PRM.ENRR,121.691398620605,125.15648651123,121.227210998535,117.702758789063,111.666870117188,112.456878662109,113.820518493652,113.568313598633,122.493560791016,..,..,123.74243927002,..,119.708618164063,..
"Venezuela, RB",VEN,"School enrollment, primary (% gross)",SE.PRM.ENRR,104.705657958984,102.962310791016,102.957473754883,102.673881530762,102.56005859375,104.386123657227,101.666000366211,101.962661743164,101.396278381348,101.16374206543,101.250717163086,101.721321105957,100.488403320313,99.5773696899414,96.5285110473633
Vietnam,VNM,"School enrollment, primary (% gross)",SE.PRM.ENRR,102.359169006348,99.5200500488281,98.2444915771484,97.0469665527344,97.4575881958008,99.1225967407227,100.986999511719,101.633163452148,104.95970916748,106.37442779541,106.83065032959,107.383911132813,109.207382202148,108.715461730957,109.97004699707
Virgin Islands (U.S.),VIR,"School enrollment, primary (% gross)",SE.PRM.ENRR,..,..,..,..,..,..,..,..,..,..,..,..,..,..,..
West Bank and Gaza,PSE,"School enrollment, primary (% gross)",SE.PRM.ENRR,93.4017333984375,91.747200012207,88.5135498046875,88.2164688110352,87.1437530517578,87.2123413085938,88.4643936157227,89.4695663452148,91.0026473999023,92.5162582397461,94.6083068847656,94.5939331054688,95.1696395874023,94.3918304443359,93.9209213256836
World,WLD,"School enrollment, primary (% gross)",SE.PRM.ENRR,100.6328,103.10341,102.89555,102.40474,103.00536,104.18888,104.80777,104.75883,104.46867,104.54132,104.98595,104.64915,103.01012,102.99883,104.32087
"Yemen, Rep.",YEM,"School enrollment, primary (% gross)",SE.PRM.ENRR,78.4605102539063,81.6110610961914,85.0190124511719,87.7213973999023,..,..,88.8527297973633,..,90.5177688598633,94.5537261962891,94.0195083618164,97.0870666503906,..,..,92.4394302368164
Zambia,ZMB,"School enrollment, primary (% gross)",SE.PRM.ENRR,81.1373062133789,..,99.2682418823242,109.916633605957,110.878799438477,111.738250732422,112.657531738281,106.407913208008,105.188011169434,106.679229736328,107.228652954102,102.334091186523,..,..,..
Zimbabwe,ZWE,"School enrollment, primary (% gross)",SE.PRM.ENRR,99.70556640625,97.8765869140625,..,..,..,..,..,..,..,..,101.243461608887,98.6941986083984,..,..,..
,,,,,,,,,,,,,,,,,,
,,,,,,,,,,,,,,,,,,
,,,,,,,,,,,,,,,,,,
Data from database: Jobs,,,,,,,,,,,,,,,,,,
Last Updated: 06/29/2022,,,,,,,,,,,,,,,,,,
